sha1,kept_source,kept_split,kept_image,copies,all_sources,all_splits,all_images
554d7dab7d6035438e84ec156c7382f4bb6d7610,d1,train,D:\lct\datasets\.build_cache\d1\train\images\camera_19.102_2024-01-05T13_11_17_235+03_00.jpg,2,d1,train,D:\lct\datasets\.build_cache\d1\train\images\camera_19.102_2024-01-05T13_11_17_235+03_00.jpg;D:\lct\datasets\.build_cache\d1\train\images\camera_19.102_2024-01-05T13_11_18_076+03_00.jpg
89f41fa3ddc6ec1d52a0c68f82b371a3682a96b2,d1,train,D:\lct\datasets\.build_cache\d1\train\images\camera_19.602_2024-01-07T21_37_09_073+03_00.jpg,3,d1,train,D:\lct\datasets\.build_cache\d1\train\images\camera_19.602_2024-01-07T21_37_09_073+03_00.jpg;D:\lct\datasets\.build_cache\d1\train\images\camera_19.602_2024-01-07T21_37_09_659+03_00.jpg;D:\lct\datasets\.build_cache\d1\train\images\camera_19.602_2024-01-07T21_37_10_245+03_00.jpg
d17688743512bfd78811d80b26af9ee5b92b2a93,d1,train,D:\lct\datasets\.build_cache\d1\train\images\camera_29.102_2024-01-05T13_56_48_275+03_00.jpg,2,d1,train,D:\lct\datasets\.build_cache\d1\train\images\camera_29.102_2024-01-05T13_56_48_275+03_00.jpg;D:\lct\datasets\.build_cache\d1\train\images\camera_29.102_2024-01-05T13_56_49_040+03_00.jpg
af9940b21c76730125d843398390a2ce3348c485,d1,train,D:\lct\datasets\.build_cache\d1\train\images\camera_29.102_2024-01-05T14_01_39_273+03_00.jpg,2,d1,train,D:\lct\datasets\.build_cache\d1\train\images\camera_29.102_2024-01-05T14_01_39_273+03_00.jpg;D:\lct\datasets\.build_cache\d1\train\images\camera_29.102_2024-01-05T14_01_40_067+03_00.jpg
64fc2bbec169d7bb4b4e1c8e52e60fc170d89d7b,d1,train,D:\lct\datasets\.build_cache\d1\train\images\camera_29.102_2024-01-05T15_29_58_975+03_00.jpg,2,d1,train,D:\lct\datasets\.build_cache\d1\train\images\camera_29.102_2024-01-05T15_29_58_975+03_00.jpg;D:\lct\datasets\.build_cache\d1\train\images\camera_29.102_2024-01-05T15_29_59_511+03_00.jpg
aa2f517b0b293d4e67f20c824cea8fdc28e0788f,d1,train,D:\lct\datasets\.build_cache\d1\train\images\camera_29.102_2024-01-05T15_43_24_158+03_00.jpg,2,d1,train,D:\lct\datasets\.build_cache\d1\train\images\camera_29.102_2024-01-05T15_43_24_158+03_00.jpg;D:\lct\datasets\.build_cache\d1\train\images\camera_29.102_2024-01-05T15_43_24_934+03_00.jpg
da78b1d222da9975288a842236402e8c36fdc9e9,d1,train,D:\lct\datasets\.build_cache\d1\train\images\camera_29.102_2024-01-05T16_41_15_593+03_00.jpg,2,d1,train,D:\lct\datasets\.build_cache\d1\train\images\camera_29.102_2024-01-05T16_41_15_593+03_00.jpg;D:\lct\datasets\.build_cache\d1\train\images\camera_29.102_2024-01-05T16_41_16_126+03_00.jpg
a8db3024a90dd56a3fd17e847a45f7cf327a45be,d1,train,D:\lct\datasets\.build_cache\d1\train\images\camera_29.102_2024-01-05T16_48_38_574+03_00.jpg,2,d1,train,D:\lct\datasets\.build_cache\d1\train\images\camera_29.102_2024-01-05T16_48_38_574+03_00.jpg;D:\lct\datasets\.build_cache\d1\train\images\camera_29.102_2024-01-05T16_48_39_098+03_00.jpg
a9b21d83355927eea8d0aef9f909f03283674f4a,d1,train,D:\lct\datasets\.build_cache\d1\train\images\camera_29.102_2024-01-08T09_41_10_701+03_00.jpg,2,d1,train,D:\lct\datasets\.build_cache\d1\train\images\camera_29.102_2024-01-08T09_41_10_701+03_00.jpg;D:\lct\datasets\.build_cache\d1\train\images\camera_29.102_2024-01-08T09_41_11_202+03_00.jpg
84faf08846be23628098cba7067f4773bbb77a1f,d1,val,D:\lct\datasets\.build_cache\d1\valid\images\camera_29.303_2023-12-30T22_51_58_742+03_00.jpg,2,d1,train;val,D:\lct\datasets\.build_cache\d1\train\images\camera_29.302_2023-12-30T22_51_58_742+03_00.jpg;D:\lct\datasets\.build_cache\d1\valid\images\camera_29.303_2023-12-30T22_51_58_742+03_00.jpg
38a9b539065bfea48949dda6e79b0c7e27b73416,d1,val,D:\lct\datasets\.build_cache\d1\valid\images\camera_29.303_2023-12-30T23_04_18_356+03_00.jpg,2,d1,train;val,D:\lct\datasets\.build_cache\d1\train\images\camera_29.302_2023-12-30T23_04_18_356+03_00.jpg;D:\lct\datasets\.build_cache\d1\valid\images\camera_29.303_2023-12-30T23_04_18_356+03_00.jpg
5b5d0dd47b8ada8fa89c4ea166a9c1f60df6971b,d1,train,D:\lct\datasets\.build_cache\d1\train\images\camera_29.602_2023-12-31T14_42_57_649+03_00.jpg,2,d1,train,D:\lct\datasets\.build_cache\d1\train\images\camera_29.602_2023-12-31T14_42_57_649+03_00.jpg;D:\lct\datasets\.build_cache\d1\train\images\camera_29.602_2023-12-31T14_42_58_065+03_00.jpg
53bfb9ee2a366264015086c37f13a8ca9f40259d,d1,train,D:\lct\datasets\.build_cache\d1\train\images\camera_6.1001_2024-01-03T10_51_32_141+03_00.jpg,2,d1,train,D:\lct\datasets\.build_cache\d1\train\images\camera_6.1001_2024-01-03T10_51_32_141+03_00.jpg;D:\lct\datasets\.build_cache\d1\train\images\camera_6.103_2024-01-03T10_51_32_141+03_00.jpg
f1ddbb7428b90f657892bad5470aac94fdc6b574,d1,train,D:\lct\datasets\.build_cache\d1\train\images\camera_6.102_2023-12-30T12_43_44_419+03_00.jpg,2,d1,train,D:\lct\datasets\.build_cache\d1\train\images\camera_6.102_2023-12-30T12_43_44_419+03_00.jpg;D:\lct\datasets\.build_cache\d1\train\images\camera_6.1202_2023-12-30T12_43_44_419+03_00.jpg
38449ec0c61bee4697cf8262303067d3c2c186f4,d1,train,D:\lct\datasets\.build_cache\d1\train\images\camera_6.102_2023-12-30T12_57_27_239+03_00.jpg,2,d1,train,D:\lct\datasets\.build_cache\d1\train\images\camera_6.102_2023-12-30T12_57_27_239+03_00.jpg;D:\lct\datasets\.build_cache\d1\train\images\camera_6.1202_2023-12-30T12_57_27_239+03_00.jpg
662122bb49413017f89bc328cd59bc4d16b1570a,d1,train,D:\lct\datasets\.build_cache\d1\train\images\camera_6.102_2023-12-30T13_07_17_017+03_00.jpg,2,d1,train,D:\lct\datasets\.build_cache\d1\train\images\camera_6.102_2023-12-30T13_07_17_017+03_00.jpg;D:\lct\datasets\.build_cache\d1\train\images\camera_6.1202_2023-12-30T13_07_17_017+03_00.jpg
531313dcfb81f4de1c1a07636858b969c8eed613,d1,train,D:\lct\datasets\.build_cache\d1\train\images\camera_6.102_2023-12-30T13_07_18_138+03_00.jpg,2,d1,train,D:\lct\datasets\.build_cache\d1\train\images\camera_6.102_2023-12-30T13_07_18_138+03_00.jpg;D:\lct\datasets\.build_cache\d1\train\images\camera_6.1202_2023-12-30T13_07_18_138+03_00.jpg
718517d21cf334f967ec01c8c0330720c6a13ad6,d1,train,D:\lct\datasets\.build_cache\d1\train\images\camera_6.102_2023-12-30T13_16_22_381+03_00.jpg,2,d1,train,D:\lct\datasets\.build_cache\d1\train\images\camera_6.102_2023-12-30T13_16_22_381+03_00.jpg;D:\lct\datasets\.build_cache\d1\train\images\camera_6.1202_2023-12-30T13_16_22_381+03_00.jpg
4e2f7000c5ee6bb2c7647c1b349ad8d62c8c45e0,d1,train,D:\lct\datasets\.build_cache\d1\train\images\camera_6.102_2023-12-30T13_16_23_285+03_00.jpg,2,d1,train,D:\lct\datasets\.build_cache\d1\train\images\camera_6.102_2023-12-30T13_16_23_285+03_00.jpg;D:\lct\datasets\.build_cache\d1\train\images\camera_6.1202_2023-12-30T13_16_23_285+03_00.jpg
ab50e1938544c96ec1a963c210a777381f6ae636,d1,train,D:\lct\datasets\.build_cache\d1\train\images\camera_6.102_2023-12-30T13_16_24_141+03_00.jpg,2,d1,train,D:\lct\datasets\.build_cache\d1\train\images\camera_6.102_2023-12-30T13_16_24_141+03_00.jpg;D:\lct\datasets\.build_cache\d1\train\images\camera_6.1202_2023-12-30T13_16_24_141+03_00.jpg
27fa5e92d9f45b944140c94ff06a103ae1d7fbea,d1,train,D:\lct\datasets\.build_cache\d1\train\images\camera_6.102_2024-01-05T14_17_23_667+03_00.jpg,2,d1,train,D:\lct\datasets\.build_cache\d1\train\images\camera_6.102_2024-01-05T14_17_23_667+03_00.jpg;D:\lct\datasets\.build_cache\d1\train\images\camera_6.1202_2024-01-05T14_17_23_667+03_00.jpg
695145d002ff7a111e9145fd0d19ceee0fd83680,d1,train,D:\lct\datasets\.build_cache\d1\train\images\camera_6.102_2024-01-05T14_53_09_925+03_00.jpg,2,d1,train,D:\lct\datasets\.build_cache\d1\train\images\camera_6.102_2024-01-05T14_53_09_925+03_00.jpg;D:\lct\datasets\.build_cache\d1\train\images\camera_6.1202_2024-01-05T14_53_09_925+03_00.jpg
462903de62e8af51a82c04191fe959ed1953331c,d1,train,D:\lct\datasets\.build_cache\d1\train\images\camera_6.102_2024-01-05T15_24_10_336+03_00.jpg,2,d1,train,D:\lct\datasets\.build_cache\d1\train\images\camera_6.102_2024-01-05T15_24_10_336+03_00.jpg;D:\lct\datasets\.build_cache\d1\train\images\camera_6.1202_2024-01-05T15_24_10_336+03_00.jpg
2500366f416ef02810273ef837364f3d7b2f53c5,d1,train,D:\lct\datasets\.build_cache\d1\train\images\camera_6.102_2024-01-05T15_24_10_934+03_00.jpg,2,d1,train,D:\lct\datasets\.build_cache\d1\train\images\camera_6.102_2024-01-05T15_24_10_934+03_00.jpg;D:\lct\datasets\.build_cache\d1\train\images\camera_6.1202_2024-01-05T15_24_10_934+03_00.jpg
8a0520f8dcb779f694aa63c369923ec8c152bcc4,d1,train,D:\lct\datasets\.build_cache\d1\train\images\camera_6.102_2024-01-05T15_51_44_150+03_00.jpg,2,d1,train,D:\lct\datasets\.build_cache\d1\train\images\camera_6.102_2024-01-05T15_51_44_150+03_00.jpg;D:\lct\datasets\.build_cache\d1\train\images\camera_6.1202_2024-01-05T15_51_44_150+03_00.jpg
33afc1ec09695f0733f599f0edb46a880e9ce24f,d1,train,D:\lct\datasets\.build_cache\d1\train\images\camera_6.102_2024-01-05T15_52_09_457+03_00.jpg,2,d1,train,D:\lct\datasets\.build_cache\d1\train\images\camera_6.102_2024-01-05T15_52_09_457+03_00.jpg;D:\lct\datasets\.build_cache\d1\train\images\camera_6.1202_2024-01-05T15_52_09_457+03_00.jpg
582e7020b2151c9392044599e05e649eb2991457,d1,train,D:\lct\datasets\.build_cache\d1\train\images\camera_6.102_2024-01-05T16_36_06_417+03_00.jpg,2,d1,train,D:\lct\datasets\.build_cache\d1\train\images\camera_6.102_2024-01-05T16_36_06_417+03_00.jpg;D:\lct\datasets\.build_cache\d1\train\images\camera_6.1202_2024-01-05T16_36_06_417+03_00.jpg
74a47fd9da932c67e9b49bb60b5bcdb82fc22a9a,d1,train,D:\lct\datasets\.build_cache\d1\train\images\camera_6.102_2024-01-05T16_36_07_090+03_00.jpg,2,d1,train,D:\lct\datasets\.build_cache\d1\train\images\camera_6.102_2024-01-05T16_36_07_090+03_00.jpg;D:\lct\datasets\.build_cache\d1\train\images\camera_6.1202_2024-01-05T16_36_07_090+03_00.jpg
442567ae90b5573503664a15b29d6c1e07e8659f,d1,train,D:\lct\datasets\.build_cache\d1\train\images\camera_6.102_2024-01-05T17_04_49_410+03_00.jpg,2,d1,train,D:\lct\datasets\.build_cache\d1\train\images\camera_6.102_2024-01-05T17_04_49_410+03_00.jpg;D:\lct\datasets\.build_cache\d1\train\images\camera_6.1202_2024-01-05T17_04_49_410+03_00.jpg
475e0c69a14f1187523dd194774de617a88c9e7e,d1,train,D:\lct\datasets\.build_cache\d1\train\images\camera_6.102_2024-01-05T17_09_43_676+03_00.jpg,2,d1,train,D:\lct\datasets\.build_cache\d1\train\images\camera_6.102_2024-01-05T17_09_43_676+03_00.jpg;D:\lct\datasets\.build_cache\d1\train\images\camera_6.1202_2024-01-05T17_09_43_676+03_00.jpg
b4033e36ee241ad13cad6d3bc8505e1609ecde20,d1,train,D:\lct\datasets\.build_cache\d1\train\images\camera_6.102_2024-01-05T17_26_44_573+03_00.jpg,2,d1,train,D:\lct\datasets\.build_cache\d1\train\images\camera_6.102_2024-01-05T17_26_44_573+03_00.jpg;D:\lct\datasets\.build_cache\d1\train\images\camera_6.1202_2024-01-05T17_26_44_573+03_00.jpg
1a9c36fc5504e801949083c0a07d9f07aebca3b7,d1,train,D:\lct\datasets\.build_cache\d1\train\images\camera_6.102_2024-01-05T18_30_34_126+03_00.jpg,2,d1,train,D:\lct\datasets\.build_cache\d1\train\images\camera_6.102_2024-01-05T18_30_34_126+03_00.jpg;D:\lct\datasets\.build_cache\d1\train\images\camera_6.1202_2024-01-05T18_30_34_126+03_00.jpg
1486f4a1ed05dd0b0bd3ddf959d00cb2f8433a89,d1,train,D:\lct\datasets\.build_cache\d1\train\images\camera_6.103_2024-01-05T14_16_46_152+03_00.jpg,2,d1,train,D:\lct\datasets\.build_cache\d1\train\images\camera_6.103_2024-01-05T14_16_46_152+03_00.jpg;D:\lct\datasets\.build_cache\d1\train\images\camera_6.1203_2024-01-05T14_16_46_152+03_00.jpg
603a1ac251de5498e2855d9b99b9eb355ebb22a8,d1,train,D:\lct\datasets\.build_cache\d1\train\images\camera_6.103_2024-01-05T14_23_07_837+03_00.jpg,2,d1,train,D:\lct\datasets\.build_cache\d1\train\images\camera_6.103_2024-01-05T14_23_07_837+03_00.jpg;D:\lct\datasets\.build_cache\d1\train\images\camera_6.1203_2024-01-05T14_23_07_837+03_00.jpg
6d5022ae95157b9458c34035fc12d48b18734a69,d1,train,D:\lct\datasets\.build_cache\d1\train\images\camera_6.103_2024-01-05T15_38_11_189+03_00.jpg,2,d1,train,D:\lct\datasets\.build_cache\d1\train\images\camera_6.103_2024-01-05T15_38_11_189+03_00.jpg;D:\lct\datasets\.build_cache\d1\train\images\camera_6.1203_2024-01-05T15_38_11_189+03_00.jpg
91cdefcc62e0bdf9efa2921916031887431887ab,d1,train,D:\lct\datasets\.build_cache\d1\train\images\camera_6.103_2024-01-05T15_51_48_959+03_00.jpg,2,d1,train,D:\lct\datasets\.build_cache\d1\train\images\camera_6.103_2024-01-05T15_51_48_959+03_00.jpg;D:\lct\datasets\.build_cache\d1\train\images\camera_6.1203_2024-01-05T15_51_48_959+03_00.jpg
1c582fc47943f71a9b140eda7a4821bffc25fb6e,d1,val,D:\lct\datasets\.build_cache\d1\valid\images\camera_6.1003_2024-01-08T10_26_54_324+03_00.jpg,2,d1,train;val,D:\lct\datasets\.build_cache\d1\train\images\camera_6.103_2024-01-08T10_26_53_881+03_00.jpg;D:\lct\datasets\.build_cache\d1\valid\images\camera_6.1003_2024-01-08T10_26_54_324+03_00.jpg
fc85676b2961763719243d9ca5a9f4d8b25ba395,d1,val,D:\lct\datasets\.build_cache\d1\valid\images\camera_6.1003_2024-01-08T10_27_04_330+03_00.jpg,2,d1,train;val,D:\lct\datasets\.build_cache\d1\train\images\camera_6.103_2024-01-08T10_27_03_817+03_00.jpg;D:\lct\datasets\.build_cache\d1\valid\images\camera_6.1003_2024-01-08T10_27_04_330+03_00.jpg
cba271fc9a58e591b8da6f8bf4a6b55d77d46fd7,d1,val,D:\lct\datasets\.build_cache\d1\valid\images\camera_6.1003_2024-01-08T18_16_50_478+03_00.jpg,2,d1,train;val,D:\lct\datasets\.build_cache\d1\train\images\camera_6.103_2024-01-08T18_16_50_478+03_00.jpg;D:\lct\datasets\.build_cache\d1\valid\images\camera_6.1003_2024-01-08T18_16_50_478+03_00.jpg
e7e28c0e46dd3435ebeefad5b1a56b699eed08cc,d1,val,D:\lct\datasets\.build_cache\d1\valid\images\camera_6.1003_2023-12-30T11_06_30_721+03_00.jpg,2,d1,train;val,D:\lct\datasets\.build_cache\d1\train\images\camera_6.1101_2023-12-30T11_06_30_721+03_00.jpg;D:\lct\datasets\.build_cache\d1\valid\images\camera_6.1003_2023-12-30T11_06_30_721+03_00.jpg
5fc5aa03b3bafa2d9c1ab2b0a71b74568c1f81b0,d1,val,D:\lct\datasets\.build_cache\d1\valid\images\camera_6.1003_2023-12-30T11_06_32_171+03_00.jpg,2,d1,train;val,D:\lct\datasets\.build_cache\d1\train\images\camera_6.1101_2023-12-30T11_06_32_171+03_00.jpg;D:\lct\datasets\.build_cache\d1\valid\images\camera_6.1003_2023-12-30T11_06_32_171+03_00.jpg
845bd75f69c0a3c94ea4755d97a2e15188341973,d1,val,D:\lct\datasets\.build_cache\d1\valid\images\camera_6.1003_2023-12-30T11_06_33_575+03_00.jpg,2,d1,train;val,D:\lct\datasets\.build_cache\d1\train\images\camera_6.1101_2023-12-30T11_06_33_575+03_00.jpg;D:\lct\datasets\.build_cache\d1\valid\images\camera_6.1003_2023-12-30T11_06_33_575+03_00.jpg
a28d7833fb454daba5526268d3f07dd8e8830c3e,d1,val,D:\lct\datasets\.build_cache\d1\valid\images\camera_6.1003_2023-12-30T11_06_36_239+03_00.jpg,2,d1,train;val,D:\lct\datasets\.build_cache\d1\train\images\camera_6.1101_2023-12-30T11_06_36_239+03_00.jpg;D:\lct\datasets\.build_cache\d1\valid\images\camera_6.1003_2023-12-30T11_06_36_239+03_00.jpg
8a7e2abf7282bf69aa8e5ebc7c93d0eadba2ec4d,d1,val,D:\lct\datasets\.build_cache\d1\valid\images\camera_6.1003_2023-12-30T11_06_37_614+03_00.jpg,2,d1,train;val,D:\lct\datasets\.build_cache\d1\train\images\camera_6.1101_2023-12-30T11_06_37_614+03_00.jpg;D:\lct\datasets\.build_cache\d1\valid\images\camera_6.1003_2023-12-30T11_06_37_614+03_00.jpg
1045139b356d0c6965b1c0906ec3ba046f604617,d1,val,D:\lct\datasets\.build_cache\d1\valid\images\camera_6.1003_2023-12-30T13_16_16_436+03_00.jpg,2,d1,train;val,D:\lct\datasets\.build_cache\d1\train\images\camera_6.1101_2023-12-30T13_16_16_436+03_00.jpg;D:\lct\datasets\.build_cache\d1\valid\images\camera_6.1003_2023-12-30T13_16_16_436+03_00.jpg
ec157ba18685d9ca10765b2caa13621d920a766e,d1,val,D:\lct\datasets\.build_cache\d1\valid\images\camera_6.1003_2023-12-30T13_16_17_298+03_00.jpg,2,d1,train;val,D:\lct\datasets\.build_cache\d1\train\images\camera_6.1101_2023-12-30T13_16_17_298+03_00.jpg;D:\lct\datasets\.build_cache\d1\valid\images\camera_6.1003_2023-12-30T13_16_17_298+03_00.jpg
61b0fb0194bf3c383246f9ba812fc82adfcc2431,d1,val,D:\lct\datasets\.build_cache\d1\valid\images\camera_6.1003_2023-12-30T13_16_18_149+03_00.jpg,2,d1,train;val,D:\lct\datasets\.build_cache\d1\train\images\camera_6.1101_2023-12-30T13_16_18_149+03_00.jpg;D:\lct\datasets\.build_cache\d1\valid\images\camera_6.1003_2023-12-30T13_16_18_149+03_00.jpg
ad19787ff79d3f459f2f2827a234b060e38aa87a,d1,val,D:\lct\datasets\.build_cache\d1\valid\images\camera_6.1003_2023-12-30T13_16_18_988+03_00.jpg,2,d1,train;val,D:\lct\datasets\.build_cache\d1\train\images\camera_6.1101_2023-12-30T13_16_18_988+03_00.jpg;D:\lct\datasets\.build_cache\d1\valid\images\camera_6.1003_2023-12-30T13_16_18_988+03_00.jpg
ebf1cecc3b9ac877ba2445378554bb86ebc7cb50,d1,val,D:\lct\datasets\.build_cache\d1\valid\images\camera_6.1003_2023-12-30T13_16_19_841+03_00.jpg,2,d1,train;val,D:\lct\datasets\.build_cache\d1\train\images\camera_6.1101_2023-12-30T13_16_19_841+03_00.jpg;D:\lct\datasets\.build_cache\d1\valid\images\camera_6.1003_2023-12-30T13_16_19_841+03_00.jpg
7f68db97f0b40693885be077d1742c69d529e37c,d1,val,D:\lct\datasets\.build_cache\d1\valid\images\camera_6.1003_2023-12-30T13_16_21_494+03_00.jpg,2,d1,train;val,D:\lct\datasets\.build_cache\d1\train\images\camera_6.1101_2023-12-30T13_16_21_494+03_00.jpg;D:\lct\datasets\.build_cache\d1\valid\images\camera_6.1003_2023-12-30T13_16_21_494+03_00.jpg
6f1fe3b50b307c003c231468547c58eeadf064dc,d1,val,D:\lct\datasets\.build_cache\d1\valid\images\camera_6.1003_2023-12-30T13_16_24_141+03_00.jpg,2,d1,train;val,D:\lct\datasets\.build_cache\d1\train\images\camera_6.1101_2023-12-30T13_16_24_141+03_00.jpg;D:\lct\datasets\.build_cache\d1\valid\images\camera_6.1003_2023-12-30T13_16_24_141+03_00.jpg
c7c8bc92585b11d958072b8edaebbea13ddab8fd,d1,val,D:\lct\datasets\.build_cache\d1\valid\images\camera_6.1003_2023-12-30T13_16_26_610+03_00.jpg,2,d1,train;val,D:\lct\datasets\.build_cache\d1\train\images\camera_6.1101_2023-12-30T13_16_26_610+03_00.jpg;D:\lct\datasets\.build_cache\d1\valid\images\camera_6.1003_2023-12-30T13_16_26_610+03_00.jpg
4d8fd832994964fdda1795027e6d5aefeacc67f1,d1,val,D:\lct\datasets\.build_cache\d1\valid\images\camera_6.1003_2023-12-30T13_16_29_200+03_00.jpg,2,d1,train;val,D:\lct\datasets\.build_cache\d1\train\images\camera_6.1101_2023-12-30T13_16_29_200+03_00.jpg;D:\lct\datasets\.build_cache\d1\valid\images\camera_6.1003_2023-12-30T13_16_29_200+03_00.jpg
d116c5c8c5345b86969772a6c6f27eea402cf176,d1,val,D:\lct\datasets\.build_cache\d1\valid\images\camera_6.1003_2023-12-30T13_17_39_662+03_00.jpg,2,d1,train;val,D:\lct\datasets\.build_cache\d1\train\images\camera_6.1101_2023-12-30T13_17_39_662+03_00.jpg;D:\lct\datasets\.build_cache\d1\valid\images\camera_6.1003_2023-12-30T13_17_39_662+03_00.jpg
51c73a76fd35f4f6b30416b4adf18b8d84e5f63a,d1,val,D:\lct\datasets\.build_cache\d1\valid\images\camera_6.1003_2023-12-30T13_18_01_916+03_00.jpg,2,d1,train;val,D:\lct\datasets\.build_cache\d1\train\images\camera_6.1101_2023-12-30T13_18_01_916+03_00.jpg;D:\lct\datasets\.build_cache\d1\valid\images\camera_6.1003_2023-12-30T13_18_01_916+03_00.jpg
ec73d4acf4e0cef1dbb26792bc2cfdd706cce2a9,d1,val,D:\lct\datasets\.build_cache\d1\valid\images\camera_6.1003_2023-12-30T13_26_02_435+03_00.jpg,2,d1,train;val,D:\lct\datasets\.build_cache\d1\train\images\camera_6.1101_2023-12-30T13_26_02_435+03_00.jpg;D:\lct\datasets\.build_cache\d1\valid\images\camera_6.1003_2023-12-30T13_26_02_435+03_00.jpg
b94d1763ab63f92f55c5835d7313a642aea2eeb6,d1,val,D:\lct\datasets\.build_cache\d1\valid\images\camera_6.1003_2023-12-30T13_26_04_348+03_00.jpg,2,d1,train;val,D:\lct\datasets\.build_cache\d1\train\images\camera_6.1101_2023-12-30T13_26_04_348+03_00.jpg;D:\lct\datasets\.build_cache\d1\valid\images\camera_6.1003_2023-12-30T13_26_04_348+03_00.jpg
74b27d9122d64df82e1a82113d2fe1102a5f706d,d1,val,D:\lct\datasets\.build_cache\d1\valid\images\camera_6.1003_2023-12-30T13_26_08_642+03_00.jpg,2,d1,train;val,D:\lct\datasets\.build_cache\d1\train\images\camera_6.1101_2023-12-30T13_26_08_642+03_00.jpg;D:\lct\datasets\.build_cache\d1\valid\images\camera_6.1003_2023-12-30T13_26_08_642+03_00.jpg
627fb43baad52f2c574fc189b7e61178c073de3e,d1,val,D:\lct\datasets\.build_cache\d1\valid\images\camera_6.1003_2023-12-30T13_26_09_480+03_00.jpg,2,d1,train;val,D:\lct\datasets\.build_cache\d1\train\images\camera_6.1101_2023-12-30T13_26_09_480+03_00.jpg;D:\lct\datasets\.build_cache\d1\valid\images\camera_6.1003_2023-12-30T13_26_09_480+03_00.jpg
8150afa5f5178da4eb7924abcaad8cbf7d68d9be,d1,val,D:\lct\datasets\.build_cache\d1\valid\images\camera_6.1003_2023-12-30T13_26_10_325+03_00.jpg,2,d1,train;val,D:\lct\datasets\.build_cache\d1\train\images\camera_6.1101_2023-12-30T13_26_10_325+03_00.jpg;D:\lct\datasets\.build_cache\d1\valid\images\camera_6.1003_2023-12-30T13_26_10_325+03_00.jpg
7017f1ea5030a01fdae0fd5ea446d538cf3b5b07,d1,val,D:\lct\datasets\.build_cache\d1\valid\images\camera_6.1003_2023-12-30T13_26_11_172+03_00.jpg,2,d1,train;val,D:\lct\datasets\.build_cache\d1\train\images\camera_6.1101_2023-12-30T13_26_11_172+03_00.jpg;D:\lct\datasets\.build_cache\d1\valid\images\camera_6.1003_2023-12-30T13_26_11_172+03_00.jpg
88c99b11228a6db223143158193d710088290008,d1,val,D:\lct\datasets\.build_cache\d1\valid\images\camera_6.1003_2023-12-30T13_26_12_059+03_00.jpg,2,d1,train;val,D:\lct\datasets\.build_cache\d1\train\images\camera_6.1101_2023-12-30T13_26_12_059+03_00.jpg;D:\lct\datasets\.build_cache\d1\valid\images\camera_6.1003_2023-12-30T13_26_12_059+03_00.jpg
e10d90a3ec63d2e850a7fa86c5ca2d60b6bf9653,d1,val,D:\lct\datasets\.build_cache\d1\valid\images\camera_6.1003_2023-12-30T13_26_15_636+03_00.jpg,2,d1,train;val,D:\lct\datasets\.build_cache\d1\train\images\camera_6.1101_2023-12-30T13_26_15_636+03_00.jpg;D:\lct\datasets\.build_cache\d1\valid\images\camera_6.1003_2023-12-30T13_26_15_636+03_00.jpg
8e4e488bcc5e7a2699da32d5887f8538aaadd5a3,d1,val,D:\lct\datasets\.build_cache\d1\valid\images\camera_6.1003_2023-12-30T13_26_16_726+03_00.jpg,2,d1,train;val,D:\lct\datasets\.build_cache\d1\train\images\camera_6.1101_2023-12-30T13_26_16_726+03_00.jpg;D:\lct\datasets\.build_cache\d1\valid\images\camera_6.1003_2023-12-30T13_26_16_726+03_00.jpg
5c33ed36ec7fd3a2db6c7f9049f0318755631ae3,d1,val,D:\lct\datasets\.build_cache\d1\valid\images\camera_6.1003_2023-12-30T13_26_37_586+03_00.jpg,2,d1,train;val,D:\lct\datasets\.build_cache\d1\train\images\camera_6.1101_2023-12-30T13_26_37_586+03_00.jpg;D:\lct\datasets\.build_cache\d1\valid\images\camera_6.1003_2023-12-30T13_26_37_586+03_00.jpg
97a472e22fc3633a6636c93b100dc80eeeba8c4d,d1,val,D:\lct\datasets\.build_cache\d1\valid\images\camera_6.1003_2023-12-30T13_26_40_007+03_00.jpg,2,d1,train;val,D:\lct\datasets\.build_cache\d1\train\images\camera_6.1101_2023-12-30T13_26_40_007+03_00.jpg;D:\lct\datasets\.build_cache\d1\valid\images\camera_6.1003_2023-12-30T13_26_40_007+03_00.jpg
ffcf28d97e4bc09ccc54e37035ed92e1cf48a5f2,d1,val,D:\lct\datasets\.build_cache\d1\valid\images\camera_6.1003_2023-12-30T13_26_48_536+03_00.jpg,2,d1,train;val,D:\lct\datasets\.build_cache\d1\train\images\camera_6.1101_2023-12-30T13_26_48_536+03_00.jpg;D:\lct\datasets\.build_cache\d1\valid\images\camera_6.1003_2023-12-30T13_26_48_536+03_00.jpg
a5c375b3a38b91cbecf72e6e75b39fe4276959c5,d1,val,D:\lct\datasets\.build_cache\d1\valid\images\camera_6.1003_2023-12-30T13_26_51_759+03_00.jpg,2,d1,train;val,D:\lct\datasets\.build_cache\d1\train\images\camera_6.1101_2023-12-30T13_26_51_759+03_00.jpg;D:\lct\datasets\.build_cache\d1\valid\images\camera_6.1003_2023-12-30T13_26_51_759+03_00.jpg
d9798ece3f8bff6b1f635a30b742368435d730dd,d1,val,D:\lct\datasets\.build_cache\d1\valid\images\camera_6.1003_2023-12-30T13_26_57_722+03_00.jpg,2,d1,train;val,D:\lct\datasets\.build_cache\d1\train\images\camera_6.1101_2023-12-30T13_26_57_722+03_00.jpg;D:\lct\datasets\.build_cache\d1\valid\images\camera_6.1003_2023-12-30T13_26_57_722+03_00.jpg
db6006b7733600e3141e79d3d0296e8ad718570d,d1,val,D:\lct\datasets\.build_cache\d1\valid\images\camera_6.1003_2023-12-30T13_28_24_585+03_00.jpg,2,d1,train;val,D:\lct\datasets\.build_cache\d1\train\images\camera_6.1101_2023-12-30T13_28_24_585+03_00.jpg;D:\lct\datasets\.build_cache\d1\valid\images\camera_6.1003_2023-12-30T13_28_24_585+03_00.jpg
7da90e80fe9757012daa9dffb6973e67b37d4808,d1,val,D:\lct\datasets\.build_cache\d1\valid\images\camera_6.1003_2023-12-30T13_28_27_019+03_00.jpg,2,d1,train;val,D:\lct\datasets\.build_cache\d1\train\images\camera_6.1101_2023-12-30T13_28_27_019+03_00.jpg;D:\lct\datasets\.build_cache\d1\valid\images\camera_6.1003_2023-12-30T13_28_27_019+03_00.jpg
98bb3d87573ec3e52cee8cfc9aaf9cd974c3ea97,d1,val,D:\lct\datasets\.build_cache\d1\valid\images\camera_6.1003_2023-12-30T13_28_27_884+03_00.jpg,2,d1,train;val,D:\lct\datasets\.build_cache\d1\train\images\camera_6.1101_2023-12-30T13_28_27_884+03_00.jpg;D:\lct\datasets\.build_cache\d1\valid\images\camera_6.1003_2023-12-30T13_28_27_884+03_00.jpg
86f3203efbdc8e5e042931ac5b41f554c845f147,d1,train,D:\lct\datasets\.build_cache\d1\train\images\camera_6.1101_2024-01-06T10_48_09_352+03_00.jpg,2,d1,train,D:\lct\datasets\.build_cache\d1\train\images\camera_6.1101_2024-01-06T10_48_09_352+03_00.jpg;D:\lct\datasets\.build_cache\d1\train\images\camera_6.1101_2024-01-06T10_48_09_953+03_00.jpg
94bfafa299c6e40758d6dcf56d4f71cf862fce56,d1,train,D:\lct\datasets\.build_cache\d1\train\images\camera_6.1101_2024-01-06T11_21_49_899+03_00.jpg,2,d1,train,D:\lct\datasets\.build_cache\d1\train\images\camera_6.1101_2024-01-06T11_21_49_899+03_00.jpg;D:\lct\datasets\.build_cache\d1\train\images\camera_6.1101_2024-01-06T11_21_50_400+03_00.jpg
a5def9615a7b80f9a43e8881b90e917885f76d49,d1,train,D:\lct\datasets\.build_cache\d1\train\images\camera_6.1101_2024-01-06T11_22_13_933+03_00.jpg,2,d1,train,D:\lct\datasets\.build_cache\d1\train\images\camera_6.1101_2024-01-06T11_22_13_933+03_00.jpg;D:\lct\datasets\.build_cache\d1\train\images\camera_6.1101_2024-01-06T11_22_14_433+03_00.jpg
89d8c56b76025b5c47a4a35b450bded34f8a251b,d1,train,D:\lct\datasets\.build_cache\d1\train\images\camera_6.1101_2024-01-06T11_22_29_955+03_00.jpg,2,d1,train,D:\lct\datasets\.build_cache\d1\train\images\camera_6.1101_2024-01-06T11_22_29_955+03_00.jpg;D:\lct\datasets\.build_cache\d1\train\images\camera_6.1101_2024-01-06T11_22_30_455+03_00.jpg
c348255881e2577669b0f7e015472c9b56dd2300,d1,train,D:\lct\datasets\.build_cache\d1\train\images\camera_6.1101_2024-01-06T11_22_33_960+03_00.jpg,2,d1,train,D:\lct\datasets\.build_cache\d1\train\images\camera_6.1101_2024-01-06T11_22_33_960+03_00.jpg;D:\lct\datasets\.build_cache\d1\train\images\camera_6.1101_2024-01-06T11_22_34_461+03_00.jpg
f35550b39c6c1a71c433201e5e2cd5ae290fb610,d1,train,D:\lct\datasets\.build_cache\d1\train\images\camera_6.1101_2024-01-06T11_22_35_963+03_00.jpg,2,d1,train,D:\lct\datasets\.build_cache\d1\train\images\camera_6.1101_2024-01-06T11_22_35_963+03_00.jpg;D:\lct\datasets\.build_cache\d1\train\images\camera_6.1101_2024-01-06T11_22_36_464+03_00.jpg
15bc6cbecaba4d9c2ace3d9659bfa460ae2d52d9,d1,train,D:\lct\datasets\.build_cache\d1\train\images\camera_6.1101_2024-01-06T11_22_39_969+03_00.jpg,2,d1,train,D:\lct\datasets\.build_cache\d1\train\images\camera_6.1101_2024-01-06T11_22_39_969+03_00.jpg;D:\lct\datasets\.build_cache\d1\train\images\camera_6.1101_2024-01-06T11_22_40_469+03_00.jpg
fd6b1e673f8e64ee890f453430c5a30632ea9890,d1,train,D:\lct\datasets\.build_cache\d1\train\images\camera_6.1102_2024-01-05T21_30_15_906+03_00.jpg,2,d1,train,D:\lct\datasets\.build_cache\d1\train\images\camera_6.1102_2024-01-05T21_30_15_906+03_00.jpg;D:\lct\datasets\.build_cache\d1\train\images\camera_6.1102_2024-01-05T21_30_16_407+03_00.jpg
c1ad583271bf36fd635bd46b298622942a0ab7a1,d1,train,D:\lct\datasets\.build_cache\d1\train\images\camera_6.1202_2024-01-02T15_39_48_241+03_00.jpg,2,d1,train,D:\lct\datasets\.build_cache\d1\train\images\camera_6.1202_2024-01-02T15_39_48_241+03_00.jpg;D:\lct\datasets\.build_cache\d1\train\images\camera_6.1202_2024-01-02T15_39_49_030+03_00.jpg
65542728f14ced0341aeb9a6a6c328bde3446d3e,d1,train,D:\lct\datasets\.build_cache\d1\train\images\camera_6.201_2024-01-02T12_21_50_902+03_00.jpg,2,d1,train,D:\lct\datasets\.build_cache\d1\train\images\camera_6.201_2024-01-02T12_21_50_902+03_00.jpg;D:\lct\datasets\.build_cache\d1\train\images\camera_6.304_2024-01-02T12_21_50_902+03_00.jpg
01867e275a3d884366e7429c790a9d3b5fa8e33c,d1,train,D:\lct\datasets\.build_cache\d1\train\images\camera_6.201_2024-01-02T13_00_18_628+03_00.jpg,2,d1,train,D:\lct\datasets\.build_cache\d1\train\images\camera_6.201_2024-01-02T13_00_18_628+03_00.jpg;D:\lct\datasets\.build_cache\d1\train\images\camera_6.304_2024-01-02T13_00_18_628+03_00.jpg
3577e93a2c7c364b7b77ab929210a7bda64bc928,d1,train,D:\lct\datasets\.build_cache\d1\train\images\camera_6.201_2024-01-02T14_58_18_738+03_00.jpg,2,d1,train,D:\lct\datasets\.build_cache\d1\train\images\camera_6.201_2024-01-02T14_58_18_738+03_00.jpg;D:\lct\datasets\.build_cache\d1\train\images\camera_6.304_2024-01-02T14_58_18_738+03_00.jpg
90c5da57ed005df41822c89b5143a2b2a97cf239,d1,train,D:\lct\datasets\.build_cache\d1\train\images\camera_6.201_2024-01-03T10_30_22_273+03_00.jpg,2,d1,train,D:\lct\datasets\.build_cache\d1\train\images\camera_6.201_2024-01-03T10_30_22_273+03_00.jpg;D:\lct\datasets\.build_cache\d1\train\images\camera_6.304_2024-01-03T10_30_22_273+03_00.jpg
548c2e5c1df5129663a5ae6188abbb2994e76729,d1,train,D:\lct\datasets\.build_cache\d1\train\images\camera_6.201_2024-01-03T10_32_01_665+03_00.jpg,2,d1,train,D:\lct\datasets\.build_cache\d1\train\images\camera_6.201_2024-01-03T10_32_01_665+03_00.jpg;D:\lct\datasets\.build_cache\d1\train\images\camera_6.304_2024-01-03T10_32_01_665+03_00.jpg
dfd2f650cf1419b455ec6b40d8f2908a1ab8c91e,d1,train,D:\lct\datasets\.build_cache\d1\train\images\camera_6.201_2024-01-03T10_33_37_738+03_00.jpg,2,d1,train,D:\lct\datasets\.build_cache\d1\train\images\camera_6.201_2024-01-03T10_33_37_738+03_00.jpg;D:\lct\datasets\.build_cache\d1\train\images\camera_6.304_2024-01-03T10_33_37_738+03_00.jpg
c604bd27f0392d805156709bcd26c7caf83d8f0c,d1,train,D:\lct\datasets\.build_cache\d1\train\images\camera_6.201_2024-01-03T10_37_17_425+03_00.jpg,2,d1,train,D:\lct\datasets\.build_cache\d1\train\images\camera_6.201_2024-01-03T10_37_17_425+03_00.jpg;D:\lct\datasets\.build_cache\d1\train\images\camera_6.304_2024-01-03T10_37_17_425+03_00.jpg
aef12f6f399d496f79d7bcec405985fa09e997e5,d1,train,D:\lct\datasets\.build_cache\d1\train\images\camera_6.201_2024-01-03T12_02_37_021+03_00.jpg,2,d1,train,D:\lct\datasets\.build_cache\d1\train\images\camera_6.201_2024-01-03T12_02_37_021+03_00.jpg;D:\lct\datasets\.build_cache\d1\train\images\camera_6.304_2024-01-03T12_02_37_021+03_00.jpg
71becc6221cbe57eb59f0b5228a516d458f625d4,d1,train,D:\lct\datasets\.build_cache\d1\train\images\camera_6.201_2024-01-03T15_33_23_532+03_00.jpg,2,d1,train,D:\lct\datasets\.build_cache\d1\train\images\camera_6.201_2024-01-03T15_33_23_532+03_00.jpg;D:\lct\datasets\.build_cache\d1\train\images\camera_6.304_2024-01-03T15_33_23_532+03_00.jpg
b6eb296c8792d915cbbd65c11d3749fec53e3d1a,d1,train,D:\lct\datasets\.build_cache\d1\train\images\camera_6.202_2024-01-09T06_17_08_788+03_00.jpg,2,d1,train,D:\lct\datasets\.build_cache\d1\train\images\camera_6.202_2024-01-09T06_17_08_788+03_00.jpg;D:\lct\datasets\.build_cache\d1\train\images\camera_6.501_2024-01-09T06_17_08_788+03_00.jpg
b13a441c29875c9f84cd561286e6c44339cc4198,d1,train,D:\lct\datasets\.build_cache\d1\train\images\camera_6.202_2024-01-09T06_40_20_257+03_00.jpg,2,d1,train,D:\lct\datasets\.build_cache\d1\train\images\camera_6.202_2024-01-09T06_40_20_257+03_00.jpg;D:\lct\datasets\.build_cache\d1\train\images\camera_6.501_2024-01-09T06_40_20_257+03_00.jpg
1caddd8ef5820274a712d3da978fffb7bb4b06da,d1,train,D:\lct\datasets\.build_cache\d1\train\images\camera_6.202_2024-01-09T08_03_13_813+03_00.jpg,2,d1,train,D:\lct\datasets\.build_cache\d1\train\images\camera_6.202_2024-01-09T08_03_13_813+03_00.jpg;D:\lct\datasets\.build_cache\d1\train\images\camera_6.501_2024-01-09T08_03_13_813+03_00.jpg
6dd2e6705529437b856a50131500ba3093ae747f,d1,train,D:\lct\datasets\.build_cache\d1\train\images\camera_6.301_2023-12-30T12_06_20_506+03_00.jpg,2,d1,train,D:\lct\datasets\.build_cache\d1\train\images\camera_6.301_2023-12-30T12_06_20_506+03_00.jpg;D:\lct\datasets\.build_cache\d1\train\images\camera_6.301_2023-12-30T12_06_21_447+03_00.jpg
9d6fdb72605d1194b5b8ba494807c500b97e19ea,d1,train,D:\lct\datasets\.build_cache\d1\train\images\camera_6.301_2023-12-30T15_13_01_785+03_00.jpg,2,d1,train,D:\lct\datasets\.build_cache\d1\train\images\camera_6.301_2023-12-30T15_13_01_785+03_00.jpg;D:\lct\datasets\.build_cache\d1\train\images\camera_6.301_2023-12-30T15_13_02_976+03_00.jpg
c71df27bd5e31640de5558309e50622d231dfd64,d1,train,D:\lct\datasets\.build_cache\d1\train\images\camera_6.301_2023-12-30T15_28_02_349+03_00.jpg,2,d1,train,D:\lct\datasets\.build_cache\d1\train\images\camera_6.301_2023-12-30T15_28_02_349+03_00.jpg;D:\lct\datasets\.build_cache\d1\train\images\camera_6.402_2023-12-30T15_27_55_589+03_00.jpg
a45cf975ba8e3281cec44cfb09b1af71dc285b1a,d1,train,D:\lct\datasets\.build_cache\d1\train\images\camera_6.301_2023-12-30T15_40_43_051+03_00.jpg,2,d1,train,D:\lct\datasets\.build_cache\d1\train\images\camera_6.301_2023-12-30T15_40_43_051+03_00.jpg;D:\lct\datasets\.build_cache\d1\train\images\camera_6.402_2023-12-30T15_40_27_300+03_00.jpg
448ac2daded60d385d18a6a7cb8d0f40878ade42,d1,train,D:\lct\datasets\.build_cache\d1\train\images\camera_6.301_2023-12-30T15_59_52_267+03_00.jpg,2,d1,train,D:\lct\datasets\.build_cache\d1\train\images\camera_6.301_2023-12-30T15_59_52_267+03_00.jpg;D:\lct\datasets\.build_cache\d1\train\images\camera_6.402_2023-12-30T15_59_32_960+03_00.jpg
82ac87fc5932559d4f2a0c89f074af0bee0d8353,d1,train,D:\lct\datasets\.build_cache\d1\train\images\camera_6.301_2023-12-30T17_21_24_491+03_00.jpg,3,d1,train,D:\lct\datasets\.build_cache\d1\train\images\camera_6.301_2023-12-30T17_21_24_491+03_00.jpg;D:\lct\datasets\.build_cache\d1\train\images\camera_6.301_2023-12-30T17_21_25_253+03_00.jpg;D:\lct\datasets\.build_cache\d1\train\images\camera_6.402_2023-12-30T17_21_23_722+03_00.jpg
02b6d5d2cec0b22139b18a20a2ebc962a7890349,d1,train,D:\lct\datasets\.build_cache\d1\train\images\camera_6.301_2023-12-30T17_21_27_691+03_00.jpg,2,d1,train,D:\lct\datasets\.build_cache\d1\train\images\camera_6.301_2023-12-30T17_21_27_691+03_00.jpg;D:\lct\datasets\.build_cache\d1\train\images\camera_6.301_2023-12-30T17_21_28_758+03_00.jpg
4378bb17db6411282f7281e649d2116457df0f62,d1,train,D:\lct\datasets\.build_cache\d1\train\images\camera_6.301_2023-12-30T17_23_08_597+03_00.jpg,2,d1,train,D:\lct\datasets\.build_cache\d1\train\images\camera_6.301_2023-12-30T17_23_08_597+03_00.jpg;D:\lct\datasets\.build_cache\d1\train\images\camera_6.301_2023-12-30T17_23_09_325+03_00.jpg
d651f6a9f18693478322e5394d6d48b7a58a3cfd,d1,train,D:\lct\datasets\.build_cache\d1\train\images\camera_6.301_2023-12-30T18_06_45_158+03_00.jpg,2,d1,train,D:\lct\datasets\.build_cache\d1\train\images\camera_6.301_2023-12-30T18_06_45_158+03_00.jpg;D:\lct\datasets\.build_cache\d1\train\images\camera_6.402_2023-12-30T18_06_44_345+03_00.jpg
460345f67ba927234a95dcbf56f1a03967031fc4,d1,train,D:\lct\datasets\.build_cache\d1\train\images\camera_6.301_2023-12-30T19_05_02_235+03_00.jpg,2,d1,train,D:\lct\datasets\.build_cache\d1\train\images\camera_6.301_2023-12-30T19_05_02_235+03_00.jpg;D:\lct\datasets\.build_cache\d1\train\images\camera_6.402_2023-12-30T19_04_50_498+03_00.jpg
575e8c07a3308cc816f802f9b848d29662f3a50b,d1,train,D:\lct\datasets\.build_cache\d1\train\images\camera_6.302_2023-12-30T11_00_04_404+03_00.jpg,2,d1,train,D:\lct\datasets\.build_cache\d1\train\images\camera_6.302_2023-12-30T11_00_04_404+03_00.jpg;D:\lct\datasets\.build_cache\d1\train\images\camera_6.302_2023-12-30T11_00_05_323+03_00.jpg
b977c946edd3137eb79b52ca12bcca9842e64d98,d1,train,D:\lct\datasets\.build_cache\d1\train\images\camera_6.302_2023-12-30T11_00_07_200+03_00.jpg,2,d1,train,D:\lct\datasets\.build_cache\d1\train\images\camera_6.302_2023-12-30T11_00_07_200+03_00.jpg;D:\lct\datasets\.build_cache\d1\train\images\camera_6.302_2023-12-30T11_00_08_106+03_00.jpg
e9bc46b2d11b5e10d75e7616bdc1d2b096fde047,d1,train,D:\lct\datasets\.build_cache\d1\train\images\camera_6.302_2023-12-30T11_40_29_990+03_00.jpg,2,d1,train,D:\lct\datasets\.build_cache\d1\train\images\camera_6.302_2023-12-30T11_40_29_990+03_00.jpg;D:\lct\datasets\.build_cache\d1\train\images\camera_6.501_2023-12-30T11_40_29_990+03_00.jpg
a089406f7ee84be82b7019fd76be7453dee7674e,d1,train,D:\lct\datasets\.build_cache\d1\train\images\camera_6.302_2023-12-30T11_40_38_424+03_00.jpg,2,d1,train,D:\lct\datasets\.build_cache\d1\train\images\camera_6.302_2023-12-30T11_40_38_424+03_00.jpg;D:\lct\datasets\.build_cache\d1\train\images\camera_6.501_2023-12-30T11_40_38_424+03_00.jpg
d428062da5a402aad0b367ebbfaef693c5c5027c,d1,train,D:\lct\datasets\.build_cache\d1\train\images\camera_6.302_2023-12-30T11_47_23_162+03_00.jpg,2,d1,train,D:\lct\datasets\.build_cache\d1\train\images\camera_6.302_2023-12-30T11_47_23_162+03_00.jpg;D:\lct\datasets\.build_cache\d1\train\images\camera_6.501_2023-12-30T11_47_23_162+03_00.jpg
42a7d13969c0c00421a4cd28c863a7abafb21882,d1,train,D:\lct\datasets\.build_cache\d1\train\images\camera_6.302_2023-12-30T11_57_33_221+03_00.jpg,2,d1,train,D:\lct\datasets\.build_cache\d1\train\images\camera_6.302_2023-12-30T11_57_33_221+03_00.jpg;D:\lct\datasets\.build_cache\d1\train\images\camera_6.501_2023-12-30T11_57_33_221+03_00.jpg
479df6ac9476ea01c7e1b31bca8850c3b40319be,d1,train,D:\lct\datasets\.build_cache\d1\train\images\camera_6.302_2023-12-30T12_07_23_737+03_00.jpg,2,d1,train,D:\lct\datasets\.build_cache\d1\train\images\camera_6.302_2023-12-30T12_07_23_737+03_00.jpg;D:\lct\datasets\.build_cache\d1\train\images\camera_6.501_2023-12-30T12_07_23_737+03_00.jpg
452fc19118b12ff75286fc8781707145cdfad8e9,d1,train,D:\lct\datasets\.build_cache\d1\train\images\camera_6.302_2023-12-30T12_16_18_586+03_00.jpg,2,d1,train,D:\lct\datasets\.build_cache\d1\train\images\camera_6.302_2023-12-30T12_16_18_586+03_00.jpg;D:\lct\datasets\.build_cache\d1\train\images\camera_6.501_2023-12-30T12_16_18_586+03_00.jpg
a07011a84afacc84ab1dc483117f567ecabe2562,d1,train,D:\lct\datasets\.build_cache\d1\train\images\camera_6.302_2023-12-30T12_16_25_751+03_00.jpg,2,d1,train,D:\lct\datasets\.build_cache\d1\train\images\camera_6.302_2023-12-30T12_16_25_751+03_00.jpg;D:\lct\datasets\.build_cache\d1\train\images\camera_6.501_2023-12-30T12_16_25_751+03_00.jpg
ed2cb2e317bf35337765203a506fac4ce71ab9ee,d1,train,D:\lct\datasets\.build_cache\d1\train\images\camera_6.302_2023-12-30T12_16_36_839+03_00.jpg,2,d1,train,D:\lct\datasets\.build_cache\d1\train\images\camera_6.302_2023-12-30T12_16_36_839+03_00.jpg;D:\lct\datasets\.build_cache\d1\train\images\camera_6.501_2023-12-30T12_16_36_839+03_00.jpg
b05c2f5fdc503dc3445bfb5cbe07bb6150338e26,d1,train,D:\lct\datasets\.build_cache\d1\train\images\camera_6.302_2023-12-30T12_16_37_645+03_00.jpg,4,d1,train,D:\lct\datasets\.build_cache\d1\train\images\camera_6.302_2023-12-30T12_16_37_645+03_00.jpg;D:\lct\datasets\.build_cache\d1\train\images\camera_6.302_2023-12-30T12_16_38_468+03_00.jpg;D:\lct\datasets\.build_cache\d1\train\images\camera_6.501_2023-12-30T12_16_37_645+03_00.jpg;D:\lct\datasets\.build_cache\d1\train\images\camera_6.501_2023-12-30T12_16_38_468+03_00.jpg
ebd8a81ba089fa8b5523bd1cafa65d6c7e0fe4c7,d1,train,D:\lct\datasets\.build_cache\d1\train\images\camera_6.302_2023-12-30T12_26_49_286+03_00.jpg,2,d1,train,D:\lct\datasets\.build_cache\d1\train\images\camera_6.302_2023-12-30T12_26_49_286+03_00.jpg;D:\lct\datasets\.build_cache\d1\train\images\camera_6.501_2023-12-30T12_26_49_286+03_00.jpg
4b6ed56e6f23a1562a2f0117dee4afbb59967d40,d1,train,D:\lct\datasets\.build_cache\d1\train\images\camera_6.302_2023-12-30T12_30_15_560+03_00.jpg,2,d1,train,D:\lct\datasets\.build_cache\d1\train\images\camera_6.302_2023-12-30T12_30_15_560+03_00.jpg;D:\lct\datasets\.build_cache\d1\train\images\camera_6.501_2023-12-30T12_30_15_560+03_00.jpg
e493597b1ed72f50d61a098c51127fa6b58e6ef8,d1,train,D:\lct\datasets\.build_cache\d1\train\images\camera_6.302_2023-12-30T12_30_27_156+03_00.jpg,4,d1,train,D:\lct\datasets\.build_cache\d1\train\images\camera_6.302_2023-12-30T12_30_27_156+03_00.jpg;D:\lct\datasets\.build_cache\d1\train\images\camera_6.302_2023-12-30T12_30_27_972+03_00.jpg;D:\lct\datasets\.build_cache\d1\train\images\camera_6.501_2023-12-30T12_30_27_156+03_00.jpg;D:\lct\datasets\.build_cache\d1\train\images\camera_6.501_2023-12-30T12_30_27_972+03_00.jpg
99df4977bb6e66558b9bd31792c8f5371c9262cf,d1,train,D:\lct\datasets\.build_cache\d1\train\images\camera_6.302_2023-12-30T12_30_31_072+03_00.jpg,2,d1,train,D:\lct\datasets\.build_cache\d1\train\images\camera_6.302_2023-12-30T12_30_31_072+03_00.jpg;D:\lct\datasets\.build_cache\d1\train\images\camera_6.501_2023-12-30T12_30_31_072+03_00.jpg
69d746c39b93c94bf845a6d06ab8a756b463a039,d1,train,D:\lct\datasets\.build_cache\d1\train\images\camera_6.302_2023-12-30T12_31_06_438+03_00.jpg,2,d1,train,D:\lct\datasets\.build_cache\d1\train\images\camera_6.302_2023-12-30T12_31_06_438+03_00.jpg;D:\lct\datasets\.build_cache\d1\train\images\camera_6.501_2023-12-30T12_31_06_438+03_00.jpg
d7c1773815b367499e2278a9b79591adb1d9a73e,d1,train,D:\lct\datasets\.build_cache\d1\train\images\camera_6.302_2023-12-30T12_32_52_387+03_00.jpg,2,d1,train,D:\lct\datasets\.build_cache\d1\train\images\camera_6.302_2023-12-30T12_32_52_387+03_00.jpg;D:\lct\datasets\.build_cache\d1\train\images\camera_6.501_2023-12-30T12_32_52_387+03_00.jpg
5f91255d8de124d1bdf44d9b31658ee54ab9bdc8,d1,train,D:\lct\datasets\.build_cache\d1\train\images\camera_6.302_2023-12-30T12_32_59_647+03_00.jpg,2,d1,train,D:\lct\datasets\.build_cache\d1\train\images\camera_6.302_2023-12-30T12_32_59_647+03_00.jpg;D:\lct\datasets\.build_cache\d1\train\images\camera_6.501_2023-12-30T12_32_59_647+03_00.jpg
6f4544cb0cde7a90121365ba4c498b8bbf5bcdb1,d1,train,D:\lct\datasets\.build_cache\d1\train\images\camera_6.302_2023-12-30T12_40_00_553+03_00.jpg,2,d1,train,D:\lct\datasets\.build_cache\d1\train\images\camera_6.302_2023-12-30T12_40_00_553+03_00.jpg;D:\lct\datasets\.build_cache\d1\train\images\camera_6.501_2023-12-30T12_40_00_553+03_00.jpg
674cad92b34a7f353c79d1e364877db64577fca1,d1,train,D:\lct\datasets\.build_cache\d1\train\images\camera_6.302_2023-12-30T13_02_05_787+03_00.jpg,2,d1,train,D:\lct\datasets\.build_cache\d1\train\images\camera_6.302_2023-12-30T13_02_05_787+03_00.jpg;D:\lct\datasets\.build_cache\d1\train\images\camera_6.501_2023-12-30T13_02_05_787+03_00.jpg
527052a3fa2ea8be933f2fceff16b1a90ca8e19e,d1,train,D:\lct\datasets\.build_cache\d1\train\images\camera_6.302_2023-12-30T13_12_40_760+03_00.jpg,2,d1,train,D:\lct\datasets\.build_cache\d1\train\images\camera_6.302_2023-12-30T13_12_40_760+03_00.jpg;D:\lct\datasets\.build_cache\d1\train\images\camera_6.501_2023-12-30T13_12_40_760+03_00.jpg
e4bb3a3a75386aa06ff00fc5769944886b880ff1,d1,train,D:\lct\datasets\.build_cache\d1\train\images\camera_6.302_2023-12-30T15_11_54_966+03_00.jpg,2,d1,train,D:\lct\datasets\.build_cache\d1\train\images\camera_6.302_2023-12-30T15_11_54_966+03_00.jpg;D:\lct\datasets\.build_cache\d1\train\images\camera_6.302_2023-12-30T15_11_56_059+03_00.jpg
c2e3aae919dbc05412df79dc78727bc87655d5cc,d1,train,D:\lct\datasets\.build_cache\d1\train\images\camera_6.302_2023-12-30T15_12_26_285+03_00.jpg,2,d1,train,D:\lct\datasets\.build_cache\d1\train\images\camera_6.302_2023-12-30T15_12_26_285+03_00.jpg;D:\lct\datasets\.build_cache\d1\train\images\camera_6.302_2023-12-30T15_12_27_165+03_00.jpg
539bcfc248ca957750dc1401e4c3ac5e9063a4c3,d1,train,D:\lct\datasets\.build_cache\d1\train\images\camera_6.304_2023-12-30T11_25_38_557+03_00.jpg,2,d1,train,D:\lct\datasets\.build_cache\d1\train\images\camera_6.304_2023-12-30T11_25_38_557+03_00.jpg;D:\lct\datasets\.build_cache\d1\train\images\camera_6.502_2023-12-30T11_25_38_557+03_00.jpg
9048855de33566a9d55278437d3f1309b448e60a,d1,train,D:\lct\datasets\.build_cache\d1\train\images\camera_6.304_2023-12-30T11_28_42_179+03_00.jpg,2,d1,train,D:\lct\datasets\.build_cache\d1\train\images\camera_6.304_2023-12-30T11_28_42_179+03_00.jpg;D:\lct\datasets\.build_cache\d1\train\images\camera_6.502_2023-12-30T11_28_42_179+03_00.jpg
12fca42ef4c9f0ed3319981651b14c51d7c17b75,d1,train,D:\lct\datasets\.build_cache\d1\train\images\camera_6.304_2023-12-30T11_29_17_883+03_00.jpg,2,d1,train,D:\lct\datasets\.build_cache\d1\train\images\camera_6.304_2023-12-30T11_29_17_883+03_00.jpg;D:\lct\datasets\.build_cache\d1\train\images\camera_6.502_2023-12-30T11_29_17_883+03_00.jpg
9dc11059dea85eb92c386d3c0c88310967fb2f2b,d1,train,D:\lct\datasets\.build_cache\d1\train\images\camera_6.304_2023-12-30T11_30_08_105+03_00.jpg,2,d1,train,D:\lct\datasets\.build_cache\d1\train\images\camera_6.304_2023-12-30T11_30_08_105+03_00.jpg;D:\lct\datasets\.build_cache\d1\train\images\camera_6.502_2023-12-30T11_30_08_105+03_00.jpg
3b48c906c2767fe420080b866880425144857da4,d1,train,D:\lct\datasets\.build_cache\d1\train\images\camera_6.304_2023-12-30T11_31_35_208+03_00.jpg,2,d1,train,D:\lct\datasets\.build_cache\d1\train\images\camera_6.304_2023-12-30T11_31_35_208+03_00.jpg;D:\lct\datasets\.build_cache\d1\train\images\camera_6.502_2023-12-30T11_31_35_208+03_00.jpg
1f7b198f6091b1ae0a9c2b907bcab3d6ac24c513,d1,train,D:\lct\datasets\.build_cache\d1\train\images\camera_6.304_2023-12-30T11_35_07_212+03_00.jpg,2,d1,train,D:\lct\datasets\.build_cache\d1\train\images\camera_6.304_2023-12-30T11_35_07_212+03_00.jpg;D:\lct\datasets\.build_cache\d1\train\images\camera_6.502_2023-12-30T11_35_07_212+03_00.jpg
e09da3a85df92905a64e252a49dcd50021ca7116,d1,train,D:\lct\datasets\.build_cache\d1\train\images\camera_6.304_2023-12-30T11_37_49_554+03_00.jpg,2,d1,train,D:\lct\datasets\.build_cache\d1\train\images\camera_6.304_2023-12-30T11_37_49_554+03_00.jpg;D:\lct\datasets\.build_cache\d1\train\images\camera_6.502_2023-12-30T11_37_49_554+03_00.jpg
018c1b8d30fd6124e49662c6129220e0ce58b0d2,d1,train,D:\lct\datasets\.build_cache\d1\train\images\camera_6.304_2023-12-30T11_39_28_597+03_00.jpg,2,d1,train,D:\lct\datasets\.build_cache\d1\train\images\camera_6.304_2023-12-30T11_39_28_597+03_00.jpg;D:\lct\datasets\.build_cache\d1\train\images\camera_6.502_2023-12-30T11_39_28_597+03_00.jpg
da3f9949b84b12ca767e15ad9cd3456efa5061c5,d1,train,D:\lct\datasets\.build_cache\d1\train\images\camera_6.304_2023-12-30T11_40_29_990+03_00.jpg,2,d1,train,D:\lct\datasets\.build_cache\d1\train\images\camera_6.304_2023-12-30T11_40_29_990+03_00.jpg;D:\lct\datasets\.build_cache\d1\train\images\camera_6.502_2023-12-30T11_40_29_990+03_00.jpg
9f5731c57c70624c0b7692418b7c070371637796,d1,train,D:\lct\datasets\.build_cache\d1\train\images\camera_6.304_2023-12-30T11_57_51_415+03_00.jpg,2,d1,train,D:\lct\datasets\.build_cache\d1\train\images\camera_6.304_2023-12-30T11_57_51_415+03_00.jpg;D:\lct\datasets\.build_cache\d1\train\images\camera_6.502_2023-12-30T11_57_51_415+03_00.jpg
8ffefbf80e4e2b26559871a2ae4b36bff30a5a79,d1,train,D:\lct\datasets\.build_cache\d1\train\images\camera_6.304_2023-12-30T11_58_05_058+03_00.jpg,2,d1,train,D:\lct\datasets\.build_cache\d1\train\images\camera_6.304_2023-12-30T11_58_05_058+03_00.jpg;D:\lct\datasets\.build_cache\d1\train\images\camera_6.502_2023-12-30T11_58_05_058+03_00.jpg
2ca9ef935490aca0b755f7179eb98c6ff98cdeac,d1,train,D:\lct\datasets\.build_cache\d1\train\images\camera_6.304_2023-12-30T12_30_26_329+03_00.jpg,2,d1,train,D:\lct\datasets\.build_cache\d1\train\images\camera_6.304_2023-12-30T12_30_26_329+03_00.jpg;D:\lct\datasets\.build_cache\d1\train\images\camera_6.502_2023-12-30T12_30_26_329+03_00.jpg
e8e5ea74dd6a9e5a593cc2b6a3b69f7abf034b7c,d1,train,D:\lct\datasets\.build_cache\d1\train\images\camera_6.304_2023-12-30T12_31_49_834+03_00.jpg,2,d1,train,D:\lct\datasets\.build_cache\d1\train\images\camera_6.304_2023-12-30T12_31_49_834+03_00.jpg;D:\lct\datasets\.build_cache\d1\train\images\camera_6.502_2023-12-30T12_31_49_834+03_00.jpg
924c5d02c857e8e66d0613fef58414132d868089,d1,train,D:\lct\datasets\.build_cache\d1\train\images\camera_6.304_2023-12-30T12_31_59_263+03_00.jpg,2,d1,train,D:\lct\datasets\.build_cache\d1\train\images\camera_6.304_2023-12-30T12_31_59_263+03_00.jpg;D:\lct\datasets\.build_cache\d1\train\images\camera_6.502_2023-12-30T12_31_59_263+03_00.jpg
1bd9edd865f20efb6a99160f2635685d22962a66,d1,train,D:\lct\datasets\.build_cache\d1\train\images\camera_6.304_2023-12-30T12_32_15_341+03_00.jpg,2,d1,train,D:\lct\datasets\.build_cache\d1\train\images\camera_6.304_2023-12-30T12_32_15_341+03_00.jpg;D:\lct\datasets\.build_cache\d1\train\images\camera_6.502_2023-12-30T12_32_15_341+03_00.jpg
d6738ee57d9b21b316c95d4abb29a819d75600f7,d1,train,D:\lct\datasets\.build_cache\d1\train\images\camera_6.304_2023-12-30T12_32_16_172+03_00.jpg,2,d1,train,D:\lct\datasets\.build_cache\d1\train\images\camera_6.304_2023-12-30T12_32_16_172+03_00.jpg;D:\lct\datasets\.build_cache\d1\train\images\camera_6.502_2023-12-30T12_32_16_172+03_00.jpg
b86bcc6b32f1816896fa4aa57b4ca99b2193631d,d1,train,D:\lct\datasets\.build_cache\d1\train\images\camera_6.304_2023-12-30T12_36_16_626+03_00.jpg,2,d1,train,D:\lct\datasets\.build_cache\d1\train\images\camera_6.304_2023-12-30T12_36_16_626+03_00.jpg;D:\lct\datasets\.build_cache\d1\train\images\camera_6.502_2023-12-30T12_36_16_626+03_00.jpg
d6c2c48167b19caef7fb67421cc966bb54eb4971,d1,train,D:\lct\datasets\.build_cache\d1\train\images\camera_6.304_2023-12-30T13_15_34_718+03_00.jpg,2,d1,train,D:\lct\datasets\.build_cache\d1\train\images\camera_6.304_2023-12-30T13_15_34_718+03_00.jpg;D:\lct\datasets\.build_cache\d1\train\images\camera_6.502_2023-12-30T13_15_34_718+03_00.jpg
e1e4134e35dcb138dcec1a22f56d153b8045395c,d1,train,D:\lct\datasets\.build_cache\d1\train\images\camera_6.402_2023-12-30T12_05_43_564+03_00.jpg,2,d1,train,D:\lct\datasets\.build_cache\d1\train\images\camera_6.402_2023-12-30T12_05_43_564+03_00.jpg;D:\lct\datasets\.build_cache\d1\train\images\camera_6.702_2023-12-30T12_05_43_564+03_00.jpg
ffd4f164b81523f861678d7104e2f15d64864596,d1,train,D:\lct\datasets\.build_cache\d1\train\images\camera_6.402_2023-12-30T12_05_51_925+03_00.jpg,2,d1,train,D:\lct\datasets\.build_cache\d1\train\images\camera_6.402_2023-12-30T12_05_51_925+03_00.jpg;D:\lct\datasets\.build_cache\d1\train\images\camera_6.702_2023-12-30T12_05_51_925+03_00.jpg
f009b54307088fb729f8a4f95a44f1b3425c07dd,d1,train,D:\lct\datasets\.build_cache\d1\train\images\camera_6.402_2023-12-30T13_01_50_882+03_00.jpg,2,d1,train,D:\lct\datasets\.build_cache\d1\train\images\camera_6.402_2023-12-30T13_01_50_882+03_00.jpg;D:\lct\datasets\.build_cache\d1\train\images\camera_6.702_2023-12-30T13_01_50_882+03_00.jpg
2e891d06c7bd8c9895dfa0afaeb6d14102f9e6f6,d1,train,D:\lct\datasets\.build_cache\d1\train\images\camera_6.402_2023-12-30T13_01_57_950+03_00.jpg,2,d1,train,D:\lct\datasets\.build_cache\d1\train\images\camera_6.402_2023-12-30T13_01_57_950+03_00.jpg;D:\lct\datasets\.build_cache\d1\train\images\camera_6.702_2023-12-30T13_01_57_950+03_00.jpg
0bad956b5055f74b20482e653e0359543c1b4050,d1,train,D:\lct\datasets\.build_cache\d1\train\images\camera_6.402_2023-12-30T14_29_13_701+03_00.jpg,2,d1,train,D:\lct\datasets\.build_cache\d1\train\images\camera_6.402_2023-12-30T14_29_13_701+03_00.jpg;D:\lct\datasets\.build_cache\d1\train\images\camera_6.702_2023-12-30T14_29_13_701+03_00.jpg
4a4f51f800bf0e4b9322d9502bd9e99a639fefe6,d1,train,D:\lct\datasets\.build_cache\d1\train\images\camera_6.402_2023-12-30T14_29_14_621+03_00.jpg,2,d1,train,D:\lct\datasets\.build_cache\d1\train\images\camera_6.402_2023-12-30T14_29_14_621+03_00.jpg;D:\lct\datasets\.build_cache\d1\train\images\camera_6.702_2023-12-30T14_29_14_621+03_00.jpg
70878bf29c0624e6f45c383bf5ece872bc882130,d1,train,D:\lct\datasets\.build_cache\d1\train\images\camera_6.402_2023-12-30T14_29_15_549+03_00.jpg,2,d1,train,D:\lct\datasets\.build_cache\d1\train\images\camera_6.402_2023-12-30T14_29_15_549+03_00.jpg;D:\lct\datasets\.build_cache\d1\train\images\camera_6.702_2023-12-30T14_29_15_549+03_00.jpg
de22af2366e073151cd88fa17f856dc2f56c0f77,d1,train,D:\lct\datasets\.build_cache\d1\train\images\camera_6.402_2023-12-30T14_29_16_472+03_00.jpg,2,d1,train,D:\lct\datasets\.build_cache\d1\train\images\camera_6.402_2023-12-30T14_29_16_472+03_00.jpg;D:\lct\datasets\.build_cache\d1\train\images\camera_6.702_2023-12-30T14_29_16_472+03_00.jpg
b03f54dc9510062e0425001a4718442159d806fd,d1,train,D:\lct\datasets\.build_cache\d1\train\images\camera_6.402_2023-12-30T14_29_17_399+03_00.jpg,2,d1,train,D:\lct\datasets\.build_cache\d1\train\images\camera_6.402_2023-12-30T14_29_17_399+03_00.jpg;D:\lct\datasets\.build_cache\d1\train\images\camera_6.702_2023-12-30T14_29_17_399+03_00.jpg
721508f8b897a2f9ea860bda50cfb2fc2d78ef00,d1,train,D:\lct\datasets\.build_cache\d1\train\images\camera_6.402_2023-12-30T14_29_18_334+03_00.jpg,4,d1,train,D:\lct\datasets\.build_cache\d1\train\images\camera_6.402_2023-12-30T14_29_18_334+03_00.jpg;D:\lct\datasets\.build_cache\d1\train\images\camera_6.402_2023-12-30T14_29_19_260+03_00.jpg;D:\lct\datasets\.build_cache\d1\train\images\camera_6.702_2023-12-30T14_29_18_334+03_00.jpg;D:\lct\datasets\.build_cache\d1\train\images\camera_6.702_2023-12-30T14_29_19_260+03_00.jpg
642716c34f0868255fd53201122a0d509c5b63bb,d1,train,D:\lct\datasets\.build_cache\d1\train\images\camera_6.402_2023-12-30T14_29_20_330+03_00.jpg,2,d1,train,D:\lct\datasets\.build_cache\d1\train\images\camera_6.402_2023-12-30T14_29_20_330+03_00.jpg;D:\lct\datasets\.build_cache\d1\train\images\camera_6.702_2023-12-30T14_29_20_330+03_00.jpg
59b95c113fe028b472aa2a16b0909b9343044dfb,d1,train,D:\lct\datasets\.build_cache\d1\train\images\camera_6.402_2023-12-30T14_29_21_548+03_00.jpg,2,d1,train,D:\lct\datasets\.build_cache\d1\train\images\camera_6.402_2023-12-30T14_29_21_548+03_00.jpg;D:\lct\datasets\.build_cache\d1\train\images\camera_6.702_2023-12-30T14_29_21_548+03_00.jpg
f64fa54fb447f46b302e3adf2c47760cc287013f,d1,train,D:\lct\datasets\.build_cache\d1\train\images\camera_6.402_2023-12-30T14_29_23_672+03_00.jpg,2,d1,train,D:\lct\datasets\.build_cache\d1\train\images\camera_6.402_2023-12-30T14_29_23_672+03_00.jpg;D:\lct\datasets\.build_cache\d1\train\images\camera_6.702_2023-12-30T14_29_23_672+03_00.jpg
eac066630f84404f084a7167fc370bdd78a45b71,d1,train,D:\lct\datasets\.build_cache\d1\train\images\camera_6.402_2023-12-30T14_31_18_433+03_00.jpg,2,d1,train,D:\lct\datasets\.build_cache\d1\train\images\camera_6.402_2023-12-30T14_31_18_433+03_00.jpg;D:\lct\datasets\.build_cache\d1\train\images\camera_6.702_2023-12-30T14_31_18_433+03_00.jpg
e253d730a50fc854b7e84275e2357f0fd9e7496e,d1,train,D:\lct\datasets\.build_cache\d1\train\images\camera_6.402_2023-12-30T14_31_19_309+03_00.jpg,6,d1,train,D:\lct\datasets\.build_cache\d1\train\images\camera_6.402_2023-12-30T14_31_19_309+03_00.jpg;D:\lct\datasets\.build_cache\d1\train\images\camera_6.402_2023-12-30T14_31_20_176+03_00.jpg;D:\lct\datasets\.build_cache\d1\train\images\camera_6.402_2023-12-30T14_31_21_077+03_00.jpg;D:\lct\datasets\.build_cache\d1\train\images\camera_6.702_2023-12-30T14_31_19_309+03_00.jpg;D:\lct\datasets\.build_cache\d1\train\images\camera_6.702_2023-12-30T14_31_20_176+03_00.jpg;D:\lct\datasets\.build_cache\d1\train\images\camera_6.702_2023-12-30T14_31_21_077+03_00.jpg
0927f7af7f63f236103d155286a2f5ac55146e7c,d1,train,D:\lct\datasets\.build_cache\d1\train\images\camera_6.402_2023-12-30T15_01_55_374+03_00.jpg,2,d1,train,D:\lct\datasets\.build_cache\d1\train\images\camera_6.402_2023-12-30T15_01_55_374+03_00.jpg;D:\lct\datasets\.build_cache\d1\train\images\camera_6.702_2023-12-30T15_01_55_374+03_00.jpg
8be28949f04fc719730aa10b30ed970773b8d6e0,d1,train,D:\lct\datasets\.build_cache\d1\train\images\camera_6.402_2023-12-30T15_13_01_785+03_00.jpg,2,d1,train,D:\lct\datasets\.build_cache\d1\train\images\camera_6.402_2023-12-30T15_13_01_785+03_00.jpg;D:\lct\datasets\.build_cache\d1\train\images\camera_6.402_2023-12-30T15_13_02_976+03_00.jpg
75f8f34164e9f4d88db7c8470b7ebeb0e288d346,d1,train,D:\lct\datasets\.build_cache\d1\train\images\camera_6.402_2023-12-30T17_21_24_491+03_00.jpg,2,d1,train,D:\lct\datasets\.build_cache\d1\train\images\camera_6.402_2023-12-30T17_21_24_491+03_00.jpg;D:\lct\datasets\.build_cache\d1\train\images\camera_6.402_2023-12-30T17_21_25_253+03_00.jpg
76043671dee8ea60af19ad8145fcc1007db24927,d1,train,D:\lct\datasets\.build_cache\d1\train\images\camera_6.402_2023-12-30T17_22_31_201+03_00.jpg,2,d1,train,D:\lct\datasets\.build_cache\d1\train\images\camera_6.402_2023-12-30T17_22_31_201+03_00.jpg;D:\lct\datasets\.build_cache\d1\train\images\camera_6.402_2023-12-30T17_22_31_954+03_00.jpg
654ebaffb4ce8179c15717a83fc5ec31fb6a7632,d1,train,D:\lct\datasets\.build_cache\d1\train\images\camera_6.402_2023-12-30T17_23_08_597+03_00.jpg,2,d1,train,D:\lct\datasets\.build_cache\d1\train\images\camera_6.402_2023-12-30T17_23_08_597+03_00.jpg;D:\lct\datasets\.build_cache\d1\train\images\camera_6.402_2023-12-30T17_23_09_325+03_00.jpg
3f2cce63cb7a95e6ce321dbbe10aa1890daeee2d,d1,train,D:\lct\datasets\.build_cache\d1\train\images\camera_6.402_2023-12-30T17_24_16_892+03_00.jpg,2,d1,train,D:\lct\datasets\.build_cache\d1\train\images\camera_6.402_2023-12-30T17_24_16_892+03_00.jpg;D:\lct\datasets\.build_cache\d1\train\images\camera_6.402_2023-12-30T17_24_17_920+03_00.jpg
bfbf78be48b06fe9403a2271ea6433c1fe34df3d,d1,train,D:\lct\datasets\.build_cache\d1\train\images\camera_6.402_2024-01-04T14_33_31_906+03_00.jpg,2,d1,train,D:\lct\datasets\.build_cache\d1\train\images\camera_6.402_2024-01-04T14_33_31_906+03_00.jpg;D:\lct\datasets\.build_cache\d1\train\images\camera_6.702_2024-01-04T14_33_31_906+03_00.jpg
b44f835f2c4adf8d49c85b48bc1851376cd050f4,d1,val,D:\lct\datasets\.build_cache\d1\valid\images\camera_29.303_2024-01-03T09_48_11_206+03_00.jpg,2,d1,val,D:\lct\datasets\.build_cache\d1\valid\images\camera_29.303_2024-01-03T09_48_11_206+03_00.jpg;D:\lct\datasets\.build_cache\d1\valid\images\camera_29.303_2024-01-03T09_48_11_951+03_00.jpg
29108138b25881330cc99d27b7a87a706a5e58a8,d1,val,D:\lct\datasets\.build_cache\d1\valid\images\camera_29.303_2024-01-03T16_26_24_440+03_00.jpg,2,d1,val,D:\lct\datasets\.build_cache\d1\valid\images\camera_29.303_2024-01-03T16_26_24_440+03_00.jpg;D:\lct\datasets\.build_cache\d1\valid\images\camera_29.303_2024-01-03T16_26_24_940+03_00.jpg
e5817cd81da39c64c59084908c7954dd6edc99d7,d1,val,D:\lct\datasets\.build_cache\d1\valid\images\camera_29.303_2024-01-04T08_27_50_544+03_00.jpg,2,d1,val,D:\lct\datasets\.build_cache\d1\valid\images\camera_29.303_2024-01-04T08_27_50_544+03_00.jpg;D:\lct\datasets\.build_cache\d1\valid\images\camera_29.303_2024-01-04T08_27_51_045+03_00.jpg
62b211eb664ddf24e05bd3b3c857045f9cc70153,d1,val,D:\lct\datasets\.build_cache\d1\valid\images\camera_29.303_2024-01-05T16_25_44_009+03_00.jpg,2,d1,val,D:\lct\datasets\.build_cache\d1\valid\images\camera_29.303_2024-01-05T16_25_44_009+03_00.jpg;D:\lct\datasets\.build_cache\d1\valid\images\camera_29.303_2024-01-05T16_25_44_529+03_00.jpg
81ca940a3c69284f448beb4881d65b57803b8a71,d1,val,D:\lct\datasets\.build_cache\d1\valid\images\camera_29.303_2024-01-05T16_25_46_594+03_00.jpg,2,d1,val,D:\lct\datasets\.build_cache\d1\valid\images\camera_29.303_2024-01-05T16_25_46_594+03_00.jpg;D:\lct\datasets\.build_cache\d1\valid\images\camera_29.303_2024-01-05T16_25_47_155+03_00.jpg
474b9b4eb0d42879b8bf803dd5f6b1de5b8b188e,d1,val,D:\lct\datasets\.build_cache\d1\valid\images\camera_6.1003_2024-01-03T09_48_31_272+03_00.jpg,2,d1,val,D:\lct\datasets\.build_cache\d1\valid\images\camera_6.1003_2024-01-03T09_48_31_272+03_00.jpg;D:\lct\datasets\.build_cache\d1\valid\images\camera_6.1003_2024-01-03T09_48_31_739+03_00.jpg
9c36b27a1195873db3b877eb92fa1e88dd33f914,d1,val,D:\lct\datasets\.build_cache\d1\valid\images\camera_6.1003_2024-01-05T13_57_12_684+03_00.jpg,2,d1,val,D:\lct\datasets\.build_cache\d1\valid\images\camera_6.1003_2024-01-05T13_57_12_684+03_00.jpg;D:\lct\datasets\.build_cache\d1\valid\images\camera_6.1003_2024-01-05T13_57_13_566+03_00.jpg
a37d6a14668f34d682b5c5477cfbe681d6b31b70,d1,val,D:\lct\datasets\.build_cache\d1\valid\images\camera_6.401_2023-12-30T10_54_11_410+03_00.jpg,2,d1,val,D:\lct\datasets\.build_cache\d1\valid\images\camera_6.401_2023-12-30T10_54_11_410+03_00.jpg;D:\lct\datasets\.build_cache\d1\valid\images\camera_6.701_2023-12-30T10_54_11_410+03_00.jpg
6e1e2b1a2bb2ff422293861a784ef14cf4a015ab,d1,val,D:\lct\datasets\.build_cache\d1\valid\images\camera_6.401_2023-12-30T10_54_49_697+03_00.jpg,2,d1,val,D:\lct\datasets\.build_cache\d1\valid\images\camera_6.401_2023-12-30T10_54_49_697+03_00.jpg;D:\lct\datasets\.build_cache\d1\valid\images\camera_6.701_2023-12-30T10_54_49_697+03_00.jpg
736b959d3839bb83f857c77884c4b9949052ad8e,d1,val,D:\lct\datasets\.build_cache\d1\valid\images\camera_6.401_2023-12-30T10_54_54_410+03_00.jpg,2,d1,val,D:\lct\datasets\.build_cache\d1\valid\images\camera_6.401_2023-12-30T10_54_54_410+03_00.jpg;D:\lct\datasets\.build_cache\d1\valid\images\camera_6.701_2023-12-30T10_54_54_410+03_00.jpg
961777ff293851eb3e2274b177a16aa14ce0175c,d1,val,D:\lct\datasets\.build_cache\d1\valid\images\camera_6.401_2023-12-30T10_56_04_420+03_00.jpg,2,d1,val,D:\lct\datasets\.build_cache\d1\valid\images\camera_6.401_2023-12-30T10_56_04_420+03_00.jpg;D:\lct\datasets\.build_cache\d1\valid\images\camera_6.701_2023-12-30T10_56_04_420+03_00.jpg
eb34979d03637f697522d008c220d18bbfecef0a,d1,val,D:\lct\datasets\.build_cache\d1\valid\images\camera_6.401_2023-12-30T10_56_47_246+03_00.jpg,2,d1,val,D:\lct\datasets\.build_cache\d1\valid\images\camera_6.401_2023-12-30T10_56_47_246+03_00.jpg;D:\lct\datasets\.build_cache\d1\valid\images\camera_6.701_2023-12-30T10_56_47_246+03_00.jpg
24b09aded1403eafd7385f878f72af913f2ff0b4,d1,val,D:\lct\datasets\.build_cache\d1\valid\images\camera_6.401_2023-12-30T11_01_00_349+03_00.jpg,2,d1,val,D:\lct\datasets\.build_cache\d1\valid\images\camera_6.401_2023-12-30T11_01_00_349+03_00.jpg;D:\lct\datasets\.build_cache\d1\valid\images\camera_6.701_2023-12-30T11_01_00_349+03_00.jpg
ad634807a33d74ed792bdff24c7fcc00d72c1610,d1,val,D:\lct\datasets\.build_cache\d1\valid\images\camera_6.401_2023-12-30T11_01_45_753+03_00.jpg,2,d1,val,D:\lct\datasets\.build_cache\d1\valid\images\camera_6.401_2023-12-30T11_01_45_753+03_00.jpg;D:\lct\datasets\.build_cache\d1\valid\images\camera_6.701_2023-12-30T11_01_45_753+03_00.jpg
1dd7afcff5a10ed917e7a309fa2b0efe3983bcf1,d1,val,D:\lct\datasets\.build_cache\d1\valid\images\camera_6.401_2023-12-30T11_02_12_580+03_00.jpg,2,d1,val,D:\lct\datasets\.build_cache\d1\valid\images\camera_6.401_2023-12-30T11_02_12_580+03_00.jpg;D:\lct\datasets\.build_cache\d1\valid\images\camera_6.701_2023-12-30T11_02_12_580+03_00.jpg
af7d246635153a0d8da6b38df200755ee080ed9e,d1,val,D:\lct\datasets\.build_cache\d1\valid\images\camera_6.401_2023-12-30T11_02_19_377+03_00.jpg,2,d1,val,D:\lct\datasets\.build_cache\d1\valid\images\camera_6.401_2023-12-30T11_02_19_377+03_00.jpg;D:\lct\datasets\.build_cache\d1\valid\images\camera_6.701_2023-12-30T11_02_19_377+03_00.jpg
50c80aa65cb2ecc36237c08394b7eb6cc6fa064b,d1,val,D:\lct\datasets\.build_cache\d1\valid\images\camera_6.401_2023-12-30T11_02_24_442+03_00.jpg,2,d1,val,D:\lct\datasets\.build_cache\d1\valid\images\camera_6.401_2023-12-30T11_02_24_442+03_00.jpg;D:\lct\datasets\.build_cache\d1\valid\images\camera_6.701_2023-12-30T11_02_24_442+03_00.jpg
938efd259e80c1fbc8bb18686375fc686ad47b6e,d1,val,D:\lct\datasets\.build_cache\d1\valid\images\camera_6.401_2023-12-30T11_03_10_475+03_00.jpg,2,d1,val,D:\lct\datasets\.build_cache\d1\valid\images\camera_6.401_2023-12-30T11_03_10_475+03_00.jpg;D:\lct\datasets\.build_cache\d1\valid\images\camera_6.701_2023-12-30T11_03_10_475+03_00.jpg
1aa99640b7fcb0e9fce230ff784d7ed10ccedd99,d1,val,D:\lct\datasets\.build_cache\d1\valid\images\camera_6.401_2023-12-30T11_03_26_756+03_00.jpg,2,d1,val,D:\lct\datasets\.build_cache\d1\valid\images\camera_6.401_2023-12-30T11_03_26_756+03_00.jpg;D:\lct\datasets\.build_cache\d1\valid\images\camera_6.701_2023-12-30T11_03_26_756+03_00.jpg
116578cfced06a5f494f618071fdb807818c9716,d1,val,D:\lct\datasets\.build_cache\d1\valid\images\camera_6.401_2023-12-30T11_04_19_048+03_00.jpg,2,d1,val,D:\lct\datasets\.build_cache\d1\valid\images\camera_6.401_2023-12-30T11_04_19_048+03_00.jpg;D:\lct\datasets\.build_cache\d1\valid\images\camera_6.701_2023-12-30T11_04_19_048+03_00.jpg
edff876f7ec7a7d16c60dd2219e190459e21ec59,d1,val,D:\lct\datasets\.build_cache\d1\valid\images\camera_6.401_2023-12-30T11_04_26_460+03_00.jpg,2,d1,val,D:\lct\datasets\.build_cache\d1\valid\images\camera_6.401_2023-12-30T11_04_26_460+03_00.jpg;D:\lct\datasets\.build_cache\d1\valid\images\camera_6.701_2023-12-30T11_04_26_460+03_00.jpg
326d749be397361f2e94161b6ff5324258606b47,d1,val,D:\lct\datasets\.build_cache\d1\valid\images\camera_6.401_2023-12-30T11_04_52_145+03_00.jpg,2,d1,val,D:\lct\datasets\.build_cache\d1\valid\images\camera_6.401_2023-12-30T11_04_52_145+03_00.jpg;D:\lct\datasets\.build_cache\d1\valid\images\camera_6.701_2023-12-30T11_04_52_145+03_00.jpg
d8b1deeadd513309a0b7e07bff0f674cdce97fa6,d1,val,D:\lct\datasets\.build_cache\d1\valid\images\camera_6.401_2023-12-30T11_05_26_875+03_00.jpg,2,d1,val,D:\lct\datasets\.build_cache\d1\valid\images\camera_6.401_2023-12-30T11_05_26_875+03_00.jpg;D:\lct\datasets\.build_cache\d1\valid\images\camera_6.701_2023-12-30T11_05_26_875+03_00.jpg
9a9a88f6adcd18458bf6ed8b24746432d86f96c2,d1,val,D:\lct\datasets\.build_cache\d1\valid\images\camera_6.401_2023-12-30T11_07_01_886+03_00.jpg,2,d1,val,D:\lct\datasets\.build_cache\d1\valid\images\camera_6.401_2023-12-30T11_07_01_886+03_00.jpg;D:\lct\datasets\.build_cache\d1\valid\images\camera_6.701_2023-12-30T11_07_01_886+03_00.jpg
8c3cfc100cda5ead3783c4e7ba8ff9e60a026134,d1,val,D:\lct\datasets\.build_cache\d1\valid\images\camera_6.401_2023-12-30T11_07_09_748+03_00.jpg,2,d1,val,D:\lct\datasets\.build_cache\d1\valid\images\camera_6.401_2023-12-30T11_07_09_748+03_00.jpg;D:\lct\datasets\.build_cache\d1\valid\images\camera_6.701_2023-12-30T11_07_09_748+03_00.jpg
24541689bf8ecf1f742a62b2f64a977f746b648b,d1,val,D:\lct\datasets\.build_cache\d1\valid\images\camera_6.401_2023-12-30T11_07_18_945+03_00.jpg,2,d1,val,D:\lct\datasets\.build_cache\d1\valid\images\camera_6.401_2023-12-30T11_07_18_945+03_00.jpg;D:\lct\datasets\.build_cache\d1\valid\images\camera_6.701_2023-12-30T11_07_18_945+03_00.jpg
c32527ef0d3d553a105f15e2f9705c758ffbcffb,d1,val,D:\lct\datasets\.build_cache\d1\valid\images\camera_6.401_2023-12-30T11_07_20_510+03_00.jpg,2,d1,val,D:\lct\datasets\.build_cache\d1\valid\images\camera_6.401_2023-12-30T11_07_20_510+03_00.jpg;D:\lct\datasets\.build_cache\d1\valid\images\camera_6.701_2023-12-30T11_07_20_510+03_00.jpg
6dbe0943f8e4c2dfeafc1ffe1a506e3c5a13358f,d1,val,D:\lct\datasets\.build_cache\d1\valid\images\camera_6.401_2023-12-30T11_07_25_130+03_00.jpg,2,d1,val,D:\lct\datasets\.build_cache\d1\valid\images\camera_6.401_2023-12-30T11_07_25_130+03_00.jpg;D:\lct\datasets\.build_cache\d1\valid\images\camera_6.701_2023-12-30T11_07_25_130+03_00.jpg
0097146af1e3d81644bb63980c8ff1e092ff517b,d1,val,D:\lct\datasets\.build_cache\d1\valid\images\camera_6.401_2023-12-30T11_08_24_172+03_00.jpg,2,d1,val,D:\lct\datasets\.build_cache\d1\valid\images\camera_6.401_2023-12-30T11_08_24_172+03_00.jpg;D:\lct\datasets\.build_cache\d1\valid\images\camera_6.701_2023-12-30T11_08_24_172+03_00.jpg
33636c2a8b377218185fb9573c71b9d8e4111ecf,d1,val,D:\lct\datasets\.build_cache\d1\valid\images\camera_6.401_2023-12-30T11_10_18_603+03_00.jpg,2,d1,val,D:\lct\datasets\.build_cache\d1\valid\images\camera_6.401_2023-12-30T11_10_18_603+03_00.jpg;D:\lct\datasets\.build_cache\d1\valid\images\camera_6.701_2023-12-30T11_10_18_603+03_00.jpg
5a99f70317c2dabf7c9596ce36fdce1f1b6bf685,d1,val,D:\lct\datasets\.build_cache\d1\valid\images\camera_6.401_2023-12-30T11_10_20_093+03_00.jpg,2,d1,val,D:\lct\datasets\.build_cache\d1\valid\images\camera_6.401_2023-12-30T11_10_20_093+03_00.jpg;D:\lct\datasets\.build_cache\d1\valid\images\camera_6.701_2023-12-30T11_10_20_093+03_00.jpg
9461ebbd19429a2f0a0f2b0292c07c5211b1bb50,d1,val,D:\lct\datasets\.build_cache\d1\valid\images\camera_6.401_2023-12-30T11_10_32_814+03_00.jpg,2,d1,val,D:\lct\datasets\.build_cache\d1\valid\images\camera_6.401_2023-12-30T11_10_32_814+03_00.jpg;D:\lct\datasets\.build_cache\d1\valid\images\camera_6.701_2023-12-30T11_10_32_814+03_00.jpg
b09e117963a533d181418b0fdc581aab0cec2073,d1,val,D:\lct\datasets\.build_cache\d1\valid\images\camera_6.401_2023-12-30T11_10_44_473+03_00.jpg,2,d1,val,D:\lct\datasets\.build_cache\d1\valid\images\camera_6.401_2023-12-30T11_10_44_473+03_00.jpg;D:\lct\datasets\.build_cache\d1\valid\images\camera_6.701_2023-12-30T11_10_44_473+03_00.jpg
c09e39cdb77cdc87f6219bd3bff636068e3da8fd,d1,val,D:\lct\datasets\.build_cache\d1\valid\images\camera_6.401_2023-12-30T11_11_13_947+03_00.jpg,2,d1,val,D:\lct\datasets\.build_cache\d1\valid\images\camera_6.401_2023-12-30T11_11_13_947+03_00.jpg;D:\lct\datasets\.build_cache\d1\valid\images\camera_6.701_2023-12-30T11_11_13_947+03_00.jpg
3af8e0a679609600c10b96c9b24da609d7196702,d1,val,D:\lct\datasets\.build_cache\d1\valid\images\camera_6.401_2023-12-30T11_12_48_000+03_00.jpg,2,d1,val,D:\lct\datasets\.build_cache\d1\valid\images\camera_6.401_2023-12-30T11_12_48_000+03_00.jpg;D:\lct\datasets\.build_cache\d1\valid\images\camera_6.701_2023-12-30T11_12_48_000+03_00.jpg
