source,group_id,group_method,image_count,original_splits,final_splits
d1,d1:camera=1231:date=2023-11-09,d1_camera_and_date,50,train,train
d1,d1:camera=1231:date=2023-11-10,d1_camera_and_date,26,train,train
d1,d1:camera=1233:date=2023-11-09,d1_camera_and_date,36,train,train
d1,d1:camera=1233:date=2023-11-10,d1_camera_and_date,119,train,train
d1,d1:camera=1235:date=2023-11-09,d1_camera_and_date,109,train,train
d1,d1:camera=1235:date=2023-11-10,d1_camera_and_date,149,train,train
d1,d1:camera=1319:date=2023-11-09,d1_camera_and_date,99,val,val
d1,d1:camera=1319:date=2023-11-10,d1_camera_and_date,124,val,val
d1,d1:camera=1325:date=2023-09-22,d1_camera_and_date,334,train,train
d1,d1:camera=1325:date=2023-10-16,d1_camera_and_date,1,train,train
d1,d1:camera=1325:date=2023-10-17,d1_camera_and_date,6,train,train
d1,d1:camera=1325:date=2023-10-18,d1_camera_and_date,511,train,train
d1,d1:camera=1422:date=2023-09-22,d1_camera_and_date,259,train,train
d1,d1:camera=1422:date=2023-10-16,d1_camera_and_date,84,train,train
d1,d1:camera=1624:date=2023-11-09,d1_camera_and_date,29,train,train
d1,d1:camera=1624:date=2023-11-10,d1_camera_and_date,43,train,train
d1,d1:camera=1626:date=2023-11-09,d1_camera_and_date,53,val,val
d1,d1:camera=1626:date=2023-11-10,d1_camera_and_date,75,val,val
d1,d1:camera=1629:date=2023-11-09,d1_camera_and_date,54,train,train
d1,d1:camera=19.102:date=2023-12-30,d1_camera_and_date,234,train,train
d1,d1:camera=19.102:date=2024-01-02,d1_camera_and_date,14,train,train
d1,d1:camera=19.102:date=2024-01-03,d1_camera_and_date,38,train,train
d1,d1:camera=19.102:date=2024-01-04,d1_camera_and_date,1,train,train
d1,d1:camera=19.102:date=2024-01-05,d1_camera_and_date,53,train,train
d1,d1:camera=19.103:date=2024-01-02,d1_camera_and_date,4,train,train
d1,d1:camera=19.103:date=2024-01-08,d1_camera_and_date,12,train,train
d1,d1:camera=19.103:date=2024-01-09,d1_camera_and_date,1,train,train
d1,d1:camera=19.202:date=2023-12-30,d1_camera_and_date,96,train,train
d1,d1:camera=19.202:date=2024-01-05,d1_camera_and_date,18,train,train
d1,d1:camera=19.301:date=2023-12-30,d1_camera_and_date,66,train,train
d1,d1:camera=19.301:date=2024-01-08,d1_camera_and_date,19,train,train
d1,d1:camera=19.302:date=2023-12-30,d1_camera_and_date,45,train,train
d1,d1:camera=19.302:date=2023-12-31,d1_camera_and_date,98,train,train
d1,d1:camera=19.302:date=2024-01-01,d1_camera_and_date,192,train,train
d1,d1:camera=19.302:date=2024-01-02,d1_camera_and_date,154,train,train
d1,d1:camera=19.302:date=2024-01-03,d1_camera_and_date,138,train,train
d1,d1:camera=19.302:date=2024-01-04,d1_camera_and_date,154,train,train
d1,d1:camera=19.302:date=2024-01-05,d1_camera_and_date,81,train,train
d1,d1:camera=19.302:date=2024-01-06,d1_camera_and_date,96,train,train
d1,d1:camera=19.302:date=2024-01-07,d1_camera_and_date,12,train,train
d1,d1:camera=19.601:date=2023-12-30,d1_camera_and_date,13,train,train
d1,d1:camera=19.602:date=2024-01-05,d1_camera_and_date,10,train,train
d1,d1:camera=19.602:date=2024-01-07,d1_camera_and_date,9,train,train
d1,d1:camera=212:date=2023-11-10,d1_camera_and_date,36,train,train
d1,d1:camera=223:date=2023-11-09,d1_camera_and_date,10,train,train
d1,d1:camera=223:date=2023-11-10,d1_camera_and_date,2,train,train
d1,d1:camera=224:date=2023-11-09,d1_camera_and_date,3,train,train
d1,d1:camera=23.101:date=2023-12-30,d1_camera_and_date,5,train,train
d1,d1:camera=23.101:date=2024-01-02,d1_camera_and_date,1,train,train
d1,d1:camera=23.101:date=2024-01-08,d1_camera_and_date,58,train,train
d1,d1:camera=23.102:date=2023-12-30,d1_camera_and_date,18,train,train
d1,d1:camera=237:date=2023-09-22,d1_camera_and_date,86,train,train
d1,d1:camera=237:date=2023-10-16,d1_camera_and_date,6,train,train
d1,d1:camera=237:date=2023-10-17,d1_camera_and_date,57,train,train
d1,d1:camera=237:date=2023-10-18,d1_camera_and_date,1,train,train
d1,d1:camera=237:date=2023-11-09,d1_camera_and_date,39,train,train
d1,d1:camera=238:date=2023-09-22,d1_camera_and_date,2857,train,train
d1,d1:camera=238:date=2023-10-16,d1_camera_and_date,92,train,train
d1,d1:camera=238:date=2023-10-17,d1_camera_and_date,375,train,train
d1,d1:camera=238:date=2023-10-18,d1_camera_and_date,502,train,train
d1,d1:camera=238:date=2023-11-09,d1_camera_and_date,119,train,train
d1,d1:camera=238:date=2023-11-10,d1_camera_and_date,69,train,train
d1,d1:camera=2501:date=2023-09-22,d1_camera_and_date,121,val,val
d1,d1:camera=2501:date=2023-10-16,d1_camera_and_date,312,val,val
d1,d1:camera=2501:date=2023-10-17,d1_camera_and_date,790,val,val
d1,d1:camera=2501:date=2023-10-18,d1_camera_and_date,116,val,val
d1,d1:camera=2501:date=2023-11-09,d1_camera_and_date,77,train,train
d1,d1:camera=2501:date=2023-11-10,d1_camera_and_date,80,train,train
d1,d1:camera=29.102:date=2024-01-02,d1_camera_and_date,30,train,train
d1,d1:camera=29.102:date=2024-01-03,d1_camera_and_date,15,train,train
d1,d1:camera=29.102:date=2024-01-05,d1_camera_and_date,188,train,train
d1,d1:camera=29.102:date=2024-01-07,d1_camera_and_date,3,train,train
d1,d1:camera=29.102:date=2024-01-08,d1_camera_and_date,39,train,train
d1,d1:camera=29.103:date=2024-01-05,d1_camera_and_date,101,train,train
d1,d1:camera=29.103:date=2024-01-08,d1_camera_and_date,22,train,train
d1,d1:camera=29.302:date=2023-12-30,d1_camera_and_date,205,train,train
d1,d1:camera=29.302:date=2024-01-02,d1_camera_and_date,85,train,train
d1,d1:camera=29.302:date=2024-01-05,d1_camera_and_date,58,train,train
d1,d1:camera=29.302:date=2024-01-07,d1_camera_and_date,73,train,train
d1,d1:camera=29.303:date=2023-12-30,d1_camera_and_date,100,val,val
d1,d1:camera=29.303:date=2024-01-03,d1_camera_and_date,45,val,val
d1,d1:camera=29.303:date=2024-01-04,d1_camera_and_date,24,val,val
d1,d1:camera=29.303:date=2024-01-05,d1_camera_and_date,50,val,val
d1,d1:camera=29.303:date=2024-01-08,d1_camera_and_date,2,val,val
d1,d1:camera=29.303:date=2024-01-09,d1_camera_and_date,62,val,val
d1,d1:camera=29.401:date=2023-12-30,d1_camera_and_date,90,train,train
d1,d1:camera=29.401:date=2024-01-05,d1_camera_and_date,101,train,train
d1,d1:camera=29.401:date=2024-01-08,d1_camera_and_date,57,train,train
d1,d1:camera=29.401:date=2024-01-09,d1_camera_and_date,85,train,train
d1,d1:camera=29.403:date=2023-12-30,d1_camera_and_date,113,train,train
d1,d1:camera=29.403:date=2024-01-02,d1_camera_and_date,51,train,train
d1,d1:camera=29.403:date=2024-01-05,d1_camera_and_date,200,train,train
d1,d1:camera=29.403:date=2024-01-07,d1_camera_and_date,107,train,train
d1,d1:camera=29.602:date=2023-12-31,d1_camera_and_date,75,train,train
d1,d1:camera=6.1001:date=2023-12-30,d1_camera_and_date,107,train,train
d1,d1:camera=6.1001:date=2024-01-02,d1_camera_and_date,1,train,train
d1,d1:camera=6.1001:date=2024-01-03,d1_camera_and_date,9,train,train
d1,d1:camera=6.1001:date=2024-01-05,d1_camera_and_date,7,train,train
d1,d1:camera=6.1001:date=2024-01-07,d1_camera_and_date,1,train,train
d1,d1:camera=6.1001:date=2024-01-08,d1_camera_and_date,93,train,train
d1,d1:camera=6.1003:date=2023-12-30,d1_camera_and_date,34,val,val
d1,d1:camera=6.1003:date=2024-01-02,d1_camera_and_date,14,val,val
d1,d1:camera=6.1003:date=2024-01-03,d1_camera_and_date,56,val,val
d1,d1:camera=6.1003:date=2024-01-05,d1_camera_and_date,53,val,val
d1,d1:camera=6.1003:date=2024-01-08,d1_camera_and_date,54,val,val
d1,d1:camera=6.101:date=2023-12-30,d1_camera_and_date,53,train,train
d1,d1:camera=6.101:date=2024-01-05,d1_camera_and_date,24,train,train
d1,d1:camera=6.101:date=2024-01-07,d1_camera_and_date,9,train,train
d1,d1:camera=6.102:date=2023-12-30,d1_camera_and_date,27,train,train
d1,d1:camera=6.102:date=2024-01-02,d1_camera_and_date,9,train,train
d1,d1:camera=6.102:date=2024-01-05,d1_camera_and_date,62,train,train
d1,d1:camera=6.102:date=2024-01-07,d1_camera_and_date,1,train,train
d1,d1:camera=6.102:date=2024-01-08,d1_camera_and_date,89,train,train
d1,d1:camera=6.103:date=2023-12-30,d1_camera_and_date,65,train,train
d1,d1:camera=6.103:date=2023-12-31,d1_camera_and_date,4,train,train
d1,d1:camera=6.103:date=2024-01-03,d1_camera_and_date,7,train,train
d1,d1:camera=6.103:date=2024-01-05,d1_camera_and_date,30,train,train
d1,d1:camera=6.103:date=2024-01-06,d1_camera_and_date,7,train,train
d1,d1:camera=6.103:date=2024-01-08,d1_camera_and_date,57,train,train
d1,d1:camera=6.1101:date=2023-12-30,d1_camera_and_date,35,train,train
d1,d1:camera=6.1101:date=2024-01-04,d1_camera_and_date,6,train,train
d1,d1:camera=6.1101:date=2024-01-05,d1_camera_and_date,19,train,train
d1,d1:camera=6.1101:date=2024-01-06,d1_camera_and_date,84,train,train
d1,d1:camera=6.1102:date=2023-12-30,d1_camera_and_date,12,train,train
d1,d1:camera=6.1102:date=2024-01-02,d1_camera_and_date,7,train,train
d1,d1:camera=6.1102:date=2024-01-03,d1_camera_and_date,6,train,train
d1,d1:camera=6.1102:date=2024-01-04,d1_camera_and_date,32,train,train
d1,d1:camera=6.1102:date=2024-01-05,d1_camera_and_date,191,train,train
d1,d1:camera=6.1102:date=2024-01-08,d1_camera_and_date,53,train,train
d1,d1:camera=6.1202:date=2023-12-30,d1_camera_and_date,56,train,train
d1,d1:camera=6.1202:date=2024-01-02,d1_camera_and_date,75,train,train
d1,d1:camera=6.1202:date=2024-01-05,d1_camera_and_date,58,train,train
d1,d1:camera=6.1202:date=2024-01-08,d1_camera_and_date,1,train,train
d1,d1:camera=6.1203:date=2024-01-03,d1_camera_and_date,70,train,train
d1,d1:camera=6.1203:date=2024-01-05,d1_camera_and_date,75,train,train
d1,d1:camera=6.201:date=2023-12-30,d1_camera_and_date,1,train,train
d1,d1:camera=6.201:date=2024-01-02,d1_camera_and_date,37,train,train
d1,d1:camera=6.201:date=2024-01-03,d1_camera_and_date,34,train,train
d1,d1:camera=6.201:date=2024-01-04,d1_camera_and_date,11,train,train
d1,d1:camera=6.201:date=2024-01-08,d1_camera_and_date,2,train,train
d1,d1:camera=6.201:date=2024-01-09,d1_camera_and_date,1,train,train
d1,d1:camera=6.202:date=2024-01-04,d1_camera_and_date,1,train,train
d1,d1:camera=6.202:date=2024-01-05,d1_camera_and_date,10,train,train
d1,d1:camera=6.202:date=2024-01-08,d1_camera_and_date,4,train,train
d1,d1:camera=6.202:date=2024-01-09,d1_camera_and_date,37,train,train
d1,d1:camera=6.301:date=2023-12-30,d1_camera_and_date,104,train,train
d1,d1:camera=6.302:date=2023-12-30,d1_camera_and_date,85,train,train
d1,d1:camera=6.304:date=2023-12-30,d1_camera_and_date,20,train,train
d1,d1:camera=6.304:date=2023-12-31,d1_camera_and_date,1,train,train
d1,d1:camera=6.304:date=2024-01-02,d1_camera_and_date,42,train,train
d1,d1:camera=6.304:date=2024-01-03,d1_camera_and_date,31,train,train
d1,d1:camera=6.304:date=2024-01-04,d1_camera_and_date,9,train,train
d1,d1:camera=6.401:date=2023-12-30,d1_camera_and_date,43,val,val
d1,d1:camera=6.401:date=2024-01-03,d1_camera_and_date,8,val,val
d1,d1:camera=6.401:date=2024-01-04,d1_camera_and_date,7,val,val
d1,d1:camera=6.401:date=2024-01-08,d1_camera_and_date,29,val,val
d1,d1:camera=6.401:date=2024-01-09,d1_camera_and_date,46,val,val
d1,d1:camera=6.402:date=2023-12-30,d1_camera_and_date,91,train,train
d1,d1:camera=6.402:date=2024-01-03,d1_camera_and_date,12,train,train
d1,d1:camera=6.402:date=2024-01-04,d1_camera_and_date,13,train,train
d1,d1:camera=6.402:date=2024-01-05,d1_camera_and_date,5,train,train
d1,d1:camera=6.402:date=2024-01-08,d1_camera_and_date,18,train,train
d1,d1:camera=6.402:date=2024-01-09,d1_camera_and_date,62,train,train
d1,d1:camera=6.501:date=2023-12-30,d1_camera_and_date,23,train,train
d1,d1:camera=6.501:date=2024-01-08,d1_camera_and_date,3,train,train
d1,d1:camera=6.501:date=2024-01-09,d1_camera_and_date,31,train,train
d1,d1:camera=6.502:date=2023-12-30,d1_camera_and_date,25,train,train
d1,d1:camera=6.502:date=2024-01-03,d1_camera_and_date,1,train,train
d1,d1:camera=6.701:date=2023-12-30,d1_camera_and_date,160,val,val
d1,d1:camera=6.701:date=2024-01-03,d1_camera_and_date,9,val,val
d1,d1:camera=6.701:date=2024-01-04,d1_camera_and_date,6,val,val
d1,d1:camera=6.701:date=2024-01-05,d1_camera_and_date,3,val,val
d1,d1:camera=6.702:date=2023-12-30,d1_camera_and_date,135,train,train
d1,d1:camera=6.702:date=2024-01-04,d1_camera_and_date,15,train,train
d1,d1:camera=6.702:date=2024-01-05,d1_camera_and_date,3,train,train
d1,d1:camera=6.702:date=2024-01-06,d1_camera_and_date,22,train,train
d1,d1:camera=6.702:date=2024-01-07,d1_camera_and_date,8,train,train
d1,d1:camera=648:date=2023-11-09,d1_camera_and_date,64,train,train
d1,d1:camera=648:date=2023-11-10,d1_camera_and_date,93,train,train
d8,d8:a6100_flight01_120m_flight_01,d8_explicit_flight,84,test;train;val,val
d8,d8:cc-38605_46572:date=20190118,d8_cc_camera_and_date,17,test;train;val,train
d8,d8:cc-38607_46572:date=20190118,d8_cc_camera_and_date,44,test;train;val,test
d8,d8:cc-38615_46572:date=20190118,d8_cc_camera_and_date,22,test;train;val,train
d8,d8:cc-38617_46572:date=20190118,d8_cc_camera_and_date,17,train;val,train
d8,d8:cc-38620_46572:date=20190118,d8_cc_camera_and_date,15,test;train;val,val
d8,d8:cc-38634_46572:date=20190118,d8_cc_camera_and_date,52,test;train;val,train
d8,d8:cc-38652_46572:date=20190118,d8_cc_camera_and_date,35,test;train;val,train
d8,d8:dji_numbered_series,d8_dji_numbered_series,155,test;train;val,train
