source,split,class,class_id,bbox_count
d1,train,excavator,0,6902
d1,train,dump_truck,1,5969
d1,train,truck,2,1728
d1,train,loader,3,5137
d1,train,roller,6,1
d1,train,concrete_mixer,7,900
d1,train,telehandler,8,519
d1,train,crane_manipulator,10,610
d1,train,mobile_crane,11,1756
d1,val,excavator,0,1358
d1,val,dump_truck,1,1072
d1,val,truck,2,95
d1,val,loader,3,1244
d1,val,roller,6,20
d1,val,concrete_mixer,7,323
d1,val,telehandler,8,186
d1,val,crane_manipulator,10,236
d1,val,mobile_crane,11,33
d6,train,excavator,0,1319
d6,train,dump_truck,1,1574
d6,train,loader,3,439
d6,train,bulldozer,4,951
d6,train,motor_grader,5,796
d6,train,roller,6,801
d6,train,concrete_mixer,7,608
d6,train,mobile_crane,11,509
d6,train,tower_crane,12,1
d6,val,excavator,0,374
d6,val,dump_truck,1,446
d6,val,loader,3,126
d6,val,bulldozer,4,261
d6,val,motor_grader,5,242
d6,val,roller,6,228
d6,val,concrete_mixer,7,124
d6,val,mobile_crane,11,163
d6,test,excavator,0,181
d6,test,dump_truck,1,233
d6,test,loader,3,74
d6,test,bulldozer,4,132
d6,test,motor_grader,5,109
d6,test,roller,6,103
d6,test,concrete_mixer,7,59
d6,test,mobile_crane,11,92
d7,train,excavator,0,1479
d7,train,truck,2,501
d7,train,loader,3,114
d7,train,bulldozer,4,121
d7,train,roller,6,121
d7,train,concrete_mixer,7,166
d7,train,piling_machine,9,131
d7,train,tower_crane,12,1117
d7,val,excavator,0,412
d7,val,truck,2,146
d7,val,loader,3,29
d7,val,bulldozer,4,32
d7,val,roller,6,36
d7,val,concrete_mixer,7,49
d7,val,piling_machine,9,33
d7,val,tower_crane,12,337
d7,test,excavator,0,252
d7,test,truck,2,85
d7,test,loader,3,10
d7,test,bulldozer,4,27
d7,test,roller,6,12
d7,test,concrete_mixer,7,26
d7,test,piling_machine,9,36
d7,test,tower_crane,12,162
d8,train,excavator,0,677
d8,train,dump_truck,1,296
d8,train,bulldozer,4,75
d8,train,roller,6,2
d8,train,concrete_mixer,7,172
d8,train,piling_machine,9,56
d8,train,tower_crane,12,223
d8,val,excavator,0,235
d8,val,dump_truck,1,102
d8,val,bulldozer,4,8
d8,val,roller,6,7
d8,val,concrete_mixer,7,21
d8,val,piling_machine,9,17
d8,val,tower_crane,12,12
d8,test,excavator,0,49
d8,test,dump_truck,1,20
d8,test,roller,6,1
d8,test,concrete_mixer,7,2
d8,test,piling_machine,9,3
d8,test,tower_crane,12,47
