source,group_id,from_split,to_split,old_image,new_image,old_label,new_label,image_sha256,label_sha256
d6,d6_r4_asset_0001,train,test,images/train/d6/d6_Heavy_Equipment_2027_jpg.rf.769bdb7555040f77fd1fc9a3200a6f65_94919c443a.jpg,images/test/d6/d6_Heavy_Equipment_2027_jpg.rf.769bdb7555040f77fd1fc9a3200a6f65_94919c443a.jpg,labels/train/d6/d6_Heavy_Equipment_2027_jpg.rf.769bdb7555040f77fd1fc9a3200a6f65_94919c443a.txt,labels/test/d6/d6_Heavy_Equipment_2027_jpg.rf.769bdb7555040f77fd1fc9a3200a6f65_94919c443a.txt,ba048450ed62f3b4d0c464f475761b5a9208f63fd940633a8bcda3bc58f34226,da83cc6e17718c064092cfc3184aef825309e1e38372fbcfd2f836826b6e943b
d6,d6_r4_asset_0002,val,test,images/val/d6/d6_Heavy_Equipment_1151_jpg.rf.ba56d0b3c5ffb7bf3b84f57c2216c438_76434196f2.jpg,images/test/d6/d6_Heavy_Equipment_1151_jpg.rf.ba56d0b3c5ffb7bf3b84f57c2216c438_76434196f2.jpg,labels/val/d6/d6_Heavy_Equipment_1151_jpg.rf.ba56d0b3c5ffb7bf3b84f57c2216c438_76434196f2.txt,labels/test/d6/d6_Heavy_Equipment_1151_jpg.rf.ba56d0b3c5ffb7bf3b84f57c2216c438_76434196f2.txt,6f725c40c302d3a0d6c9bd504b95e7ef20a9dc13fbab714088e2ff246ce3ce1c,c327e8af942086844302eb5a818c643bca0c27425d8cb52e33c8b76a3a41edcb
d6,d6_r4_asset_0003,test,train,images/test/d6/d6_Heavy_Equipment_1214_jpg.rf.b961254884627aaac072a980d1306876_cdb17af865.jpg,images/train/d6/d6_Heavy_Equipment_1214_jpg.rf.b961254884627aaac072a980d1306876_cdb17af865.jpg,labels/test/d6/d6_Heavy_Equipment_1214_jpg.rf.b961254884627aaac072a980d1306876_cdb17af865.txt,labels/train/d6/d6_Heavy_Equipment_1214_jpg.rf.b961254884627aaac072a980d1306876_cdb17af865.txt,61bc3c8e92ae1dd8c7b1996f4cd95c98294d7cf35c22e241d88763aea942e838,9e8e504c71eca96d95842b8ad60f54d884eb11258eaa506c3cbc6648f183896d
d6,d6_r4_asset_0004,train,test,images/train/d6/d6_Heavy_Equipment_1065_jpg.rf.17344ddcdf310815c28f86f612ab4db1_47183e0a1c.jpg,images/test/d6/d6_Heavy_Equipment_1065_jpg.rf.17344ddcdf310815c28f86f612ab4db1_47183e0a1c.jpg,labels/train/d6/d6_Heavy_Equipment_1065_jpg.rf.17344ddcdf310815c28f86f612ab4db1_47183e0a1c.txt,labels/test/d6/d6_Heavy_Equipment_1065_jpg.rf.17344ddcdf310815c28f86f612ab4db1_47183e0a1c.txt,9fa7eb85fe41c89eaeabf53d8883a575dd614eda1b0b88f603ecbbcf5065bad3,518119fb90012d4fc4a2563c2aa33f1a9cf6fbce45be75edd164e4a800009f85
d6,d6_r4_asset_0005,test,train,images/test/d6/d6_Heavy_Equipment_1429_jpg.rf.ad88fd7e9eddb42ac800994a5cffda82_3844f00318.jpg,images/train/d6/d6_Heavy_Equipment_1429_jpg.rf.ad88fd7e9eddb42ac800994a5cffda82_3844f00318.jpg,labels/test/d6/d6_Heavy_Equipment_1429_jpg.rf.ad88fd7e9eddb42ac800994a5cffda82_3844f00318.txt,labels/train/d6/d6_Heavy_Equipment_1429_jpg.rf.ad88fd7e9eddb42ac800994a5cffda82_3844f00318.txt,ede2a5018a50e081d480200a4ff89e711f06d573b68556babf095982dbce005a,5c8f37bbb8e72c2162c21a608938743aa44d96dfb838fb8eb96b1315c1eb594c
d6,d6_r4_asset_0006,train,test,images/train/d6/d6_Heavy_Equipment_2909_jpg.rf.f7df54d09e74d0adef50ab742cfa2ff4_d8640467bc.jpg,images/test/d6/d6_Heavy_Equipment_2909_jpg.rf.f7df54d09e74d0adef50ab742cfa2ff4_d8640467bc.jpg,labels/train/d6/d6_Heavy_Equipment_2909_jpg.rf.f7df54d09e74d0adef50ab742cfa2ff4_d8640467bc.txt,labels/test/d6/d6_Heavy_Equipment_2909_jpg.rf.f7df54d09e74d0adef50ab742cfa2ff4_d8640467bc.txt,fe841660f57dc2c5610021927a6844df2b3f97a15c0d1c04126fed00c838c198,3d6823a65ea4e625f2e30775f743cb3797bfc890e6240c00fbd2edb407083827
d6,d6_r4_asset_0007,test,train,images/test/d6/d6_Heavy_Equipment_189_jpg.rf.a90c391a7761e56914c4dbf04e363214_5bddf37b51.jpg,images/train/d6/d6_Heavy_Equipment_189_jpg.rf.a90c391a7761e56914c4dbf04e363214_5bddf37b51.jpg,labels/test/d6/d6_Heavy_Equipment_189_jpg.rf.a90c391a7761e56914c4dbf04e363214_5bddf37b51.txt,labels/train/d6/d6_Heavy_Equipment_189_jpg.rf.a90c391a7761e56914c4dbf04e363214_5bddf37b51.txt,d2e72192654f54deedfac7ae32723ed26a326eb4b3ca7c64c3a07fde6c485322,15c6d4926e90806e844d96b5e551089f5b8dbecfb91c27bd7129a9a37ea04b0a
d6,d6_r4_asset_0008,test,train,images/test/d6/d6_Heavy_Equipment_2125_jpg.rf.7115040776a30517e6b04ba845a43b54_cca87ba9ee.jpg,images/train/d6/d6_Heavy_Equipment_2125_jpg.rf.7115040776a30517e6b04ba845a43b54_cca87ba9ee.jpg,labels/test/d6/d6_Heavy_Equipment_2125_jpg.rf.7115040776a30517e6b04ba845a43b54_cca87ba9ee.txt,labels/train/d6/d6_Heavy_Equipment_2125_jpg.rf.7115040776a30517e6b04ba845a43b54_cca87ba9ee.txt,cb8c89933648fc58aac4faff0654c36477ab8a51ef5c8fb824ba93042034f3ca,3c3f7c6ceaf5f6449f5327f8045638a33e7144be5243383fdaca1a71b223ba2a
d6,d6_r4_asset_0009,val,test,images/val/d6/d6_Heavy_Equipment_445_jpg.rf.2cc0b6a11d59c6bce644b2f62f86b4ed_612fd9cca5.jpg,images/test/d6/d6_Heavy_Equipment_445_jpg.rf.2cc0b6a11d59c6bce644b2f62f86b4ed_612fd9cca5.jpg,labels/val/d6/d6_Heavy_Equipment_445_jpg.rf.2cc0b6a11d59c6bce644b2f62f86b4ed_612fd9cca5.txt,labels/test/d6/d6_Heavy_Equipment_445_jpg.rf.2cc0b6a11d59c6bce644b2f62f86b4ed_612fd9cca5.txt,965283e52fbd04fc03bb390e8fe3ac1b482b8f19a259dfcc082d8b75ca412bcf,9fa10c827d1a69c4984a1a75382a0d44650ed3a55947c33ccf6c9c561b68671a
d6,d6_r4_asset_0010,test,train,images/test/d6/d6_Heavy_Equipment_2604_jpg.rf.a51f26a91a3b59105ff60b8a06757be9_2473bcec17.jpg,images/train/d6/d6_Heavy_Equipment_2604_jpg.rf.a51f26a91a3b59105ff60b8a06757be9_2473bcec17.jpg,labels/test/d6/d6_Heavy_Equipment_2604_jpg.rf.a51f26a91a3b59105ff60b8a06757be9_2473bcec17.txt,labels/train/d6/d6_Heavy_Equipment_2604_jpg.rf.a51f26a91a3b59105ff60b8a06757be9_2473bcec17.txt,c28fdff6e92333085a696f9f61c6eca6043b39d628d3a10d9cbe14136f93bd12,af499ff7a74ed747a257f58433d59a1e1db654082a67cba6d2e76ba398655bea
d6,d6_r4_asset_0010,val,train,images/val/d6/d6_Heavy_Equipment_1080_jpg.rf.7f78fcbaeaf23e89a07bd6c303bc5c2a_aa4392d14d.jpg,images/train/d6/d6_Heavy_Equipment_1080_jpg.rf.7f78fcbaeaf23e89a07bd6c303bc5c2a_aa4392d14d.jpg,labels/val/d6/d6_Heavy_Equipment_1080_jpg.rf.7f78fcbaeaf23e89a07bd6c303bc5c2a_aa4392d14d.txt,labels/train/d6/d6_Heavy_Equipment_1080_jpg.rf.7f78fcbaeaf23e89a07bd6c303bc5c2a_aa4392d14d.txt,b3dccb89449b2bfce2b96e09e74752dc4d3105c36240bc85f6730cd1bc702533,97a1a442bcfd05ac5e47b61105da2398edf5dda3e0f0f56004f811807563ce03
d6,d6_r4_asset_0011,test,train,images/test/d6/d6_Heavy_Equipment_2753_jpg.rf.73af9d8e715a506aa29243965355e9d7_b50c453ae4.jpg,images/train/d6/d6_Heavy_Equipment_2753_jpg.rf.73af9d8e715a506aa29243965355e9d7_b50c453ae4.jpg,labels/test/d6/d6_Heavy_Equipment_2753_jpg.rf.73af9d8e715a506aa29243965355e9d7_b50c453ae4.txt,labels/train/d6/d6_Heavy_Equipment_2753_jpg.rf.73af9d8e715a506aa29243965355e9d7_b50c453ae4.txt,e7cdbbd020e40922bbdf60a3892dac72718ace57a4db3d95c7544e08218c3b6a,833c1c9f1197157399eadc0439faa181b8d054aff3866ccd1779040c81afa8ee
d6,d6_r4_asset_0012,val,test,images/val/d6/d6_Heavy_Equipment_4530_jpg.rf.ac2ef0a7d39957d4209790012ed7ecbc_1f7382456f.jpg,images/test/d6/d6_Heavy_Equipment_4530_jpg.rf.ac2ef0a7d39957d4209790012ed7ecbc_1f7382456f.jpg,labels/val/d6/d6_Heavy_Equipment_4530_jpg.rf.ac2ef0a7d39957d4209790012ed7ecbc_1f7382456f.txt,labels/test/d6/d6_Heavy_Equipment_4530_jpg.rf.ac2ef0a7d39957d4209790012ed7ecbc_1f7382456f.txt,27c5ecd0ee3e9f4ace4997441a644d7e16adf8110830637b0cac9cf5720ba10c,12706aa7ace7b22e168c6283aded78d532356b8c5a591cbfa92ae82da3ac7a94
d6,d6_r4_asset_0013,test,train,images/test/d6/d6_Heavy_Equipment_2956_jpg.rf.4f642880b8e069ae3be57a5cdfffcff9_dae35d9521.jpg,images/train/d6/d6_Heavy_Equipment_2956_jpg.rf.4f642880b8e069ae3be57a5cdfffcff9_dae35d9521.jpg,labels/test/d6/d6_Heavy_Equipment_2956_jpg.rf.4f642880b8e069ae3be57a5cdfffcff9_dae35d9521.txt,labels/train/d6/d6_Heavy_Equipment_2956_jpg.rf.4f642880b8e069ae3be57a5cdfffcff9_dae35d9521.txt,15956543d34066ce0b5a66215596f140550354ec87954377ca4cc46a2ec2bf1e,39b6adebe15e5753f4768abffaaf061aca61a547997f855bc31511f7668725e3
d6,d6_r4_asset_0014,train,test,images/train/d6/d6_Heavy_Equipment_4610_jpg.rf.2140e302f4764b53e7943e30ad5f83fe_35436de8fb.jpg,images/test/d6/d6_Heavy_Equipment_4610_jpg.rf.2140e302f4764b53e7943e30ad5f83fe_35436de8fb.jpg,labels/train/d6/d6_Heavy_Equipment_4610_jpg.rf.2140e302f4764b53e7943e30ad5f83fe_35436de8fb.txt,labels/test/d6/d6_Heavy_Equipment_4610_jpg.rf.2140e302f4764b53e7943e30ad5f83fe_35436de8fb.txt,b798b47dccae7f740c86e3fe80c4fdccfb1730682f00e8327d6c406059411ccd,b3bfd2f0fb18847a3576999e4d286735acd9e7436dba7c70f706356dc6374350
d6,d6_r4_asset_0015,val,test,images/val/d6/d6_Heavy_Equipment_4763_jpg.rf.e1497e4d738f7e33f8082917745ae1bf_262be9b22e.jpg,images/test/d6/d6_Heavy_Equipment_4763_jpg.rf.e1497e4d738f7e33f8082917745ae1bf_262be9b22e.jpg,labels/val/d6/d6_Heavy_Equipment_4763_jpg.rf.e1497e4d738f7e33f8082917745ae1bf_262be9b22e.txt,labels/test/d6/d6_Heavy_Equipment_4763_jpg.rf.e1497e4d738f7e33f8082917745ae1bf_262be9b22e.txt,b1b3458dc6ebe9555394256c530af1253fd7cf449953bca6ba31da1d0d4109bc,e67754cfa952ff3b5a3098b53045f9b061e2b2de3692db664ef9a0db689db5b5
d6,d6_r4_asset_0016,val,test,images/val/d6/d6_Heavy_Equipment_4642_jpg.rf.bf33ad1f5403267960249bb5c4d81396_bad8b4f7a6.jpg,images/test/d6/d6_Heavy_Equipment_4642_jpg.rf.bf33ad1f5403267960249bb5c4d81396_bad8b4f7a6.jpg,labels/val/d6/d6_Heavy_Equipment_4642_jpg.rf.bf33ad1f5403267960249bb5c4d81396_bad8b4f7a6.txt,labels/test/d6/d6_Heavy_Equipment_4642_jpg.rf.bf33ad1f5403267960249bb5c4d81396_bad8b4f7a6.txt,092ea1f9c36fb57be906863a9a16c0e3bec18e2dfc25cbef1f66736cfc5ad18e,b01d2c7e06763d15ee32e6229d875f29f60cf19b9124928c0f631699807071ba
d6,d6_r4_asset_0017,train,test,images/train/d6/d6_Heavy_Equipment_4427_jpg.rf.9c30fbd984d38dd96368b05c54b2fa42_082de24f4b.jpg,images/test/d6/d6_Heavy_Equipment_4427_jpg.rf.9c30fbd984d38dd96368b05c54b2fa42_082de24f4b.jpg,labels/train/d6/d6_Heavy_Equipment_4427_jpg.rf.9c30fbd984d38dd96368b05c54b2fa42_082de24f4b.txt,labels/test/d6/d6_Heavy_Equipment_4427_jpg.rf.9c30fbd984d38dd96368b05c54b2fa42_082de24f4b.txt,e5ad58beb1ebd9bea7648e85e34cbb0661f8010bd0a79ec66031bb13c82f088a,b4caf91d41e9fa2eeca89718042f250a7d1930c5099bbbf3271ef50eabf188a0
d6,d6_r4_asset_0018,test,train,images/test/d6/d6_Heavy_Equipment_339_jpg.rf.0d9e53543a60bc00f65c337b6c19f658_0dd96df610.jpg,images/train/d6/d6_Heavy_Equipment_339_jpg.rf.0d9e53543a60bc00f65c337b6c19f658_0dd96df610.jpg,labels/test/d6/d6_Heavy_Equipment_339_jpg.rf.0d9e53543a60bc00f65c337b6c19f658_0dd96df610.txt,labels/train/d6/d6_Heavy_Equipment_339_jpg.rf.0d9e53543a60bc00f65c337b6c19f658_0dd96df610.txt,796be7fb79f1bd7816ee1274096c5cd06a0f1fd462ce59c4bcc48d50193ec9fc,f0b236f6512378c672db1935efd17e838d27e9e50682721f0e3b14d7c7f8ffb6
d6,d6_r4_asset_0019,train,test,images/train/d6/d6_Heavy_Equipment_2233_jpg.rf.2ceae6db1f05db994e8f9bec92357261_64b0b81c4f.jpg,images/test/d6/d6_Heavy_Equipment_2233_jpg.rf.2ceae6db1f05db994e8f9bec92357261_64b0b81c4f.jpg,labels/train/d6/d6_Heavy_Equipment_2233_jpg.rf.2ceae6db1f05db994e8f9bec92357261_64b0b81c4f.txt,labels/test/d6/d6_Heavy_Equipment_2233_jpg.rf.2ceae6db1f05db994e8f9bec92357261_64b0b81c4f.txt,5bd743702159c10a587f35935167137bab4e435911664592b84108f267c01916,de86ce14c33e4977ebe22aac0dcbba701636f914c1ce1288e26e3a79c2ec6016
d6,d6_r4_asset_0020,train,test,images/train/d6/d6_Heavy_Equipment_5053_jpg.rf.4b302b35aa80824416688b2afc70673e_5c08cfacd7.jpg,images/test/d6/d6_Heavy_Equipment_5053_jpg.rf.4b302b35aa80824416688b2afc70673e_5c08cfacd7.jpg,labels/train/d6/d6_Heavy_Equipment_5053_jpg.rf.4b302b35aa80824416688b2afc70673e_5c08cfacd7.txt,labels/test/d6/d6_Heavy_Equipment_5053_jpg.rf.4b302b35aa80824416688b2afc70673e_5c08cfacd7.txt,1c4dcbc34b8effac35054873ac7edf841b8c61a0132d15a0f1bffa9c93dd4fa4,222882a55351929524f981cce15e5976dda5590757f80ea6d502f036eeb64049
d6,d6_r4_asset_0021,test,train,images/test/d6/d6_Heavy_Equipment_4090_jpg.rf.ba53160d3dc1ca55143351e7c5c6529c_75934537b1.jpg,images/train/d6/d6_Heavy_Equipment_4090_jpg.rf.ba53160d3dc1ca55143351e7c5c6529c_75934537b1.jpg,labels/test/d6/d6_Heavy_Equipment_4090_jpg.rf.ba53160d3dc1ca55143351e7c5c6529c_75934537b1.txt,labels/train/d6/d6_Heavy_Equipment_4090_jpg.rf.ba53160d3dc1ca55143351e7c5c6529c_75934537b1.txt,dc84b47c329fa617e2172d61b8e6f7551e5af428273affafe2dc3d1fdae49ed9,c990d0b0a31a4e45c4fa612f384f21aaea0300625e6a76ae4b40d147106d44a7
d6,d6_r4_asset_0022,test,train,images/test/d6/d6_Heavy_Equipment_4125_jpg.rf.fd24e6bdf9f3d69183eee7ad33dd41b9_e1aafd378a.jpg,images/train/d6/d6_Heavy_Equipment_4125_jpg.rf.fd24e6bdf9f3d69183eee7ad33dd41b9_e1aafd378a.jpg,labels/test/d6/d6_Heavy_Equipment_4125_jpg.rf.fd24e6bdf9f3d69183eee7ad33dd41b9_e1aafd378a.txt,labels/train/d6/d6_Heavy_Equipment_4125_jpg.rf.fd24e6bdf9f3d69183eee7ad33dd41b9_e1aafd378a.txt,0c772d7f8022b937436c507e0ab9996e779cf12c02e1db73a7e674e12cbed3a5,5c0f88b7a84ccb6307ad6e388d9f28073517c7831a4afb92926365d167a4a4d9
d6,d6_r4_asset_0022,val,train,images/val/d6/d6_Heavy_Equipment_4801_jpg.rf.db0eaaa67a7e2a7bd31d5bfb267f701b_6b374bb126.jpg,images/train/d6/d6_Heavy_Equipment_4801_jpg.rf.db0eaaa67a7e2a7bd31d5bfb267f701b_6b374bb126.jpg,labels/val/d6/d6_Heavy_Equipment_4801_jpg.rf.db0eaaa67a7e2a7bd31d5bfb267f701b_6b374bb126.txt,labels/train/d6/d6_Heavy_Equipment_4801_jpg.rf.db0eaaa67a7e2a7bd31d5bfb267f701b_6b374bb126.txt,8fa48508ec9f02944400b06e75bfeba207d060901578fa526e8fc78dfb209461,e89c9dcde9eb44d9dcc652158a215c29ae9253152b54038735ff4e1dda7c4bab
d6,d6_r4_asset_0023,test,train,images/test/d6/d6_Heavy_Equipment_4222_jpg.rf.6b8655618374e139187bf9fc5cf7678c_0ad1325e27.jpg,images/train/d6/d6_Heavy_Equipment_4222_jpg.rf.6b8655618374e139187bf9fc5cf7678c_0ad1325e27.jpg,labels/test/d6/d6_Heavy_Equipment_4222_jpg.rf.6b8655618374e139187bf9fc5cf7678c_0ad1325e27.txt,labels/train/d6/d6_Heavy_Equipment_4222_jpg.rf.6b8655618374e139187bf9fc5cf7678c_0ad1325e27.txt,2fc76bda00723f3822cd89d75395e952a5795c4fab5ae0b013f430bbfdc3f9a2,fab620301838a4e826af1a4c58f642377a7c4349bdbe80a02a14c9b89b158997
d6,d6_r4_asset_0024,test,train,images/test/d6/d6_Heavy_Equipment_4472_jpg.rf.03a59b3f1c205648b2e9038e642e72f4_ff039d06c6.jpg,images/train/d6/d6_Heavy_Equipment_4472_jpg.rf.03a59b3f1c205648b2e9038e642e72f4_ff039d06c6.jpg,labels/test/d6/d6_Heavy_Equipment_4472_jpg.rf.03a59b3f1c205648b2e9038e642e72f4_ff039d06c6.txt,labels/train/d6/d6_Heavy_Equipment_4472_jpg.rf.03a59b3f1c205648b2e9038e642e72f4_ff039d06c6.txt,156089144feecd889ded2dfc09aa596155908ac22a8171468d1a923e5b32a5d8,0267c29e14c068cc2c311946b538a3e16a12849799621b36f7b759cfd11bc88e
d6,d6_r4_asset_0025,train,test,images/train/d6/d6_Heavy_Equipment_3510_jpg.rf.e6f7e9a0c639b5e7f8201670ace9047d_63a643fe7d.jpg,images/test/d6/d6_Heavy_Equipment_3510_jpg.rf.e6f7e9a0c639b5e7f8201670ace9047d_63a643fe7d.jpg,labels/train/d6/d6_Heavy_Equipment_3510_jpg.rf.e6f7e9a0c639b5e7f8201670ace9047d_63a643fe7d.txt,labels/test/d6/d6_Heavy_Equipment_3510_jpg.rf.e6f7e9a0c639b5e7f8201670ace9047d_63a643fe7d.txt,6deda832915f71fa392afe5df61a2291c87473231fa91fadacd700ea5a99b7d1,be3132efa0255a2d90ba1b3bbfbfe510b048d6dda12e150de8928143fe555d02
d6,d6_r4_asset_0026,train,test,images/train/d6/d6_Heavy_Equipment_3150_jpg.rf.d057d5631f5667a90293766a19407f86_25626b1ca7.jpg,images/test/d6/d6_Heavy_Equipment_3150_jpg.rf.d057d5631f5667a90293766a19407f86_25626b1ca7.jpg,labels/train/d6/d6_Heavy_Equipment_3150_jpg.rf.d057d5631f5667a90293766a19407f86_25626b1ca7.txt,labels/test/d6/d6_Heavy_Equipment_3150_jpg.rf.d057d5631f5667a90293766a19407f86_25626b1ca7.txt,e5f38c6c9d5ea2981a082886064709220a723f055eb0e7469f5e7bf2011a01aa,9c76f0400e0af74b3d2d1ff15823bdf8cebebca7d2223d5e7ac113b4fcf7bbd4
d6,d6_r4_asset_0027,train,test,images/train/d6/d6_Heavy_Equipment_2230_jpg.rf.da824cc27965eaceec0eac88b1621569_2f09bf0d14.jpg,images/test/d6/d6_Heavy_Equipment_2230_jpg.rf.da824cc27965eaceec0eac88b1621569_2f09bf0d14.jpg,labels/train/d6/d6_Heavy_Equipment_2230_jpg.rf.da824cc27965eaceec0eac88b1621569_2f09bf0d14.txt,labels/test/d6/d6_Heavy_Equipment_2230_jpg.rf.da824cc27965eaceec0eac88b1621569_2f09bf0d14.txt,13b6e1c706913803a1a4258e9dfb90e2cb3d96547c9adc914349546cef72b7e2,e9dc13de9700e788baa5186d24745313b53048a5f664fbcfe561c75cf406010b
d6,d6_r4_asset_0028,val,test,images/val/d6/d6_Heavy_Equipment_4809_jpg.rf.2cbff31482a80b480b7dc29e731f68bf_857f8037ad.jpg,images/test/d6/d6_Heavy_Equipment_4809_jpg.rf.2cbff31482a80b480b7dc29e731f68bf_857f8037ad.jpg,labels/val/d6/d6_Heavy_Equipment_4809_jpg.rf.2cbff31482a80b480b7dc29e731f68bf_857f8037ad.txt,labels/test/d6/d6_Heavy_Equipment_4809_jpg.rf.2cbff31482a80b480b7dc29e731f68bf_857f8037ad.txt,6d085a7fb978985344cbc16e72ba3b03b1ab17488e146b11fe832891878bf213,15ae7575ea4be46d629a98408f564b0d8eaee3a625ee3e7705acb25fe2a636ec
d6,d6_r4_asset_0029,test,train,images/test/d6/d6_Heavy_Equipment_4778_jpg.rf.41298659ed7b3fdf15826681e554e7e6_89f42b3caa.jpg,images/train/d6/d6_Heavy_Equipment_4778_jpg.rf.41298659ed7b3fdf15826681e554e7e6_89f42b3caa.jpg,labels/test/d6/d6_Heavy_Equipment_4778_jpg.rf.41298659ed7b3fdf15826681e554e7e6_89f42b3caa.txt,labels/train/d6/d6_Heavy_Equipment_4778_jpg.rf.41298659ed7b3fdf15826681e554e7e6_89f42b3caa.txt,9908352330b98df4c1768134df7e1255e7d4eb64cac28904bccfe3eb3a51e845,279d59f9eabbbd927d5cc42cb2529c7d3f9a689bf7d131788f1f89b88d7d7626
d6,d6_r4_asset_0030,test,train,images/test/d6/d6_Heavy_Equipment_4881_jpg.rf.519ac4c2242b7b38ccb97c50a8ba5741_c5b68fd82b.jpg,images/train/d6/d6_Heavy_Equipment_4881_jpg.rf.519ac4c2242b7b38ccb97c50a8ba5741_c5b68fd82b.jpg,labels/test/d6/d6_Heavy_Equipment_4881_jpg.rf.519ac4c2242b7b38ccb97c50a8ba5741_c5b68fd82b.txt,labels/train/d6/d6_Heavy_Equipment_4881_jpg.rf.519ac4c2242b7b38ccb97c50a8ba5741_c5b68fd82b.txt,26a413408af79e3cce5813a8c43fcd88ab39b31965e119122e33d6ca1074bb92,56ac52198f7abf1f49232ad66c1e9dc02d345ebd5c78dc28a84b20a37e1424b0
d6,d6_r4_asset_0031,test,train,images/test/d6/d6_Heavy_Equipment_4926_jpg.rf.388957253692e4fbee3917eec896264e_08a618fab2.jpg,images/train/d6/d6_Heavy_Equipment_4926_jpg.rf.388957253692e4fbee3917eec896264e_08a618fab2.jpg,labels/test/d6/d6_Heavy_Equipment_4926_jpg.rf.388957253692e4fbee3917eec896264e_08a618fab2.txt,labels/train/d6/d6_Heavy_Equipment_4926_jpg.rf.388957253692e4fbee3917eec896264e_08a618fab2.txt,c98f8fcbef6d01ef3afe7acb8cf99da016bdd9aba51da65b0cb07d9c697bc9e0,d85c4c22701ed5be587b2f990ece7c7795291af192857a3b44108972e0b3ccc3
d6,d6_r4_asset_0032,test,train,images/test/d6/d6_Heavy_Equipment_68_jpg.rf.cfb2eb00bedeaf66acf79f49f7a980d7_cec175f6f2.jpg,images/train/d6/d6_Heavy_Equipment_68_jpg.rf.cfb2eb00bedeaf66acf79f49f7a980d7_cec175f6f2.jpg,labels/test/d6/d6_Heavy_Equipment_68_jpg.rf.cfb2eb00bedeaf66acf79f49f7a980d7_cec175f6f2.txt,labels/train/d6/d6_Heavy_Equipment_68_jpg.rf.cfb2eb00bedeaf66acf79f49f7a980d7_cec175f6f2.txt,ea0fa2e00b297bf19c7840df25fcc14ac5dd62889dd2fbb0e1d4d2e591504b52,3e89a9816ef5bcfa9b286d30204e0a18155dc87b07bf1e5412dbc97c4cbd1f82
d6,d6_r4_asset_0033,train,val,images/train/d6/d6_Heavy_Equipment_1324_jpg.rf.780114c6dabb6bd184913ccd5846aa95_aff540bf00.jpg,images/val/d6/d6_Heavy_Equipment_1324_jpg.rf.780114c6dabb6bd184913ccd5846aa95_aff540bf00.jpg,labels/train/d6/d6_Heavy_Equipment_1324_jpg.rf.780114c6dabb6bd184913ccd5846aa95_aff540bf00.txt,labels/val/d6/d6_Heavy_Equipment_1324_jpg.rf.780114c6dabb6bd184913ccd5846aa95_aff540bf00.txt,26fc174133616b61da8029fe42af5cdee33cfb39fe208db171d6f524edd385e8,f29c70852370cc3325e861f75d719059f0a31452a66526ecefd1c33ec1b04171
d6,d6_r4_asset_0034,train,val,images/train/d6/d6_Heavy_Equipment_1608_jpg.rf.52edc583251e0f8632b39112b5edf08e_45bccb0213.jpg,images/val/d6/d6_Heavy_Equipment_1608_jpg.rf.52edc583251e0f8632b39112b5edf08e_45bccb0213.jpg,labels/train/d6/d6_Heavy_Equipment_1608_jpg.rf.52edc583251e0f8632b39112b5edf08e_45bccb0213.txt,labels/val/d6/d6_Heavy_Equipment_1608_jpg.rf.52edc583251e0f8632b39112b5edf08e_45bccb0213.txt,8cef7808998c3eca701968bd71d0f654694b2a399c805a6bfb8737c6c23723b0,8c4b18656df2ed2108bf672adbc5888722d9cfa00dbbe246003bbf67ca5050f7
d6,d6_r4_asset_0035,train,val,images/train/d6/d6_Heavy_Equipment_1691_jpg.rf.8b4f818d6d50be7a463f7889860571b6_bab8291846.jpg,images/val/d6/d6_Heavy_Equipment_1691_jpg.rf.8b4f818d6d50be7a463f7889860571b6_bab8291846.jpg,labels/train/d6/d6_Heavy_Equipment_1691_jpg.rf.8b4f818d6d50be7a463f7889860571b6_bab8291846.txt,labels/val/d6/d6_Heavy_Equipment_1691_jpg.rf.8b4f818d6d50be7a463f7889860571b6_bab8291846.txt,0a1635c9d12d7bd8ed79236cd81946bd3d927509efd82601ff90953015f25454,9519db7732af1f43bba4e18dba01436db42e01261d92c94771acf03959f7da7c
d6,d6_r4_asset_0036,train,val,images/train/d6/d6_Heavy_Equipment_1774_jpg.rf.9b41017f9e5db40d2bd1dc834e952384_27bf59b25b.jpg,images/val/d6/d6_Heavy_Equipment_1774_jpg.rf.9b41017f9e5db40d2bd1dc834e952384_27bf59b25b.jpg,labels/train/d6/d6_Heavy_Equipment_1774_jpg.rf.9b41017f9e5db40d2bd1dc834e952384_27bf59b25b.txt,labels/val/d6/d6_Heavy_Equipment_1774_jpg.rf.9b41017f9e5db40d2bd1dc834e952384_27bf59b25b.txt,96d5900bc94e8ef458ceabf73c48833d32450b0912f459119b20573e2e3be4d5,5e01cd93716b567dac52925524501d67f3e165a9feaef3691b9ca116d6f05106
d6,d6_r4_asset_0037,train,val,images/train/d6/d6_Heavy_Equipment_198_jpg.rf.9067fd44449b281cc21e80ab14687b9e_c3caf79106.jpg,images/val/d6/d6_Heavy_Equipment_198_jpg.rf.9067fd44449b281cc21e80ab14687b9e_c3caf79106.jpg,labels/train/d6/d6_Heavy_Equipment_198_jpg.rf.9067fd44449b281cc21e80ab14687b9e_c3caf79106.txt,labels/val/d6/d6_Heavy_Equipment_198_jpg.rf.9067fd44449b281cc21e80ab14687b9e_c3caf79106.txt,f0105ea3cda49c6300ddd08f6572b622fd3a1d1ecf33f5a1b1aea1814b3ccff9,9ba265e2f3c31b6e9ecffe717f746b3b8c214efd7571f00cad13769588585b18
d6,d6_r4_asset_0037,train,val,images/train/d6/d6_Heavy_Equipment_3193_jpg.rf.f6368705c9de5a2107ca4220fcc586a1_afbcd1620f.jpg,images/val/d6/d6_Heavy_Equipment_3193_jpg.rf.f6368705c9de5a2107ca4220fcc586a1_afbcd1620f.jpg,labels/train/d6/d6_Heavy_Equipment_3193_jpg.rf.f6368705c9de5a2107ca4220fcc586a1_afbcd1620f.txt,labels/val/d6/d6_Heavy_Equipment_3193_jpg.rf.f6368705c9de5a2107ca4220fcc586a1_afbcd1620f.txt,5776422fa1d53ee539c0d36d6fb19054d91ff537fb16053fa42e2a4332043789,176749413a5c46595a395e441492080bf6a6443034b229acd1c3a17016c4a14d
d6,d6_r4_asset_0038,val,train,images/val/d6/d6_Heavy_Equipment_1844_jpg.rf.d942642e740c080ddaf6be461d80b879_dcaea06132.jpg,images/train/d6/d6_Heavy_Equipment_1844_jpg.rf.d942642e740c080ddaf6be461d80b879_dcaea06132.jpg,labels/val/d6/d6_Heavy_Equipment_1844_jpg.rf.d942642e740c080ddaf6be461d80b879_dcaea06132.txt,labels/train/d6/d6_Heavy_Equipment_1844_jpg.rf.d942642e740c080ddaf6be461d80b879_dcaea06132.txt,aa2d08891f33169f24c4beefd0e25e0fed067ad6f8c9d96a819b966960ddc2ac,d2ff34e3a65538bcf1592e37a37c91f2e0a3348e4dc1f8ac574dad9e82262617
d6,d6_r4_asset_0039,train,val,images/train/d6/d6_Heavy_Equipment_2286_jpg.rf.59e40f0e1125b284b83b370208b4a8a4_9399ac6312.jpg,images/val/d6/d6_Heavy_Equipment_2286_jpg.rf.59e40f0e1125b284b83b370208b4a8a4_9399ac6312.jpg,labels/train/d6/d6_Heavy_Equipment_2286_jpg.rf.59e40f0e1125b284b83b370208b4a8a4_9399ac6312.txt,labels/val/d6/d6_Heavy_Equipment_2286_jpg.rf.59e40f0e1125b284b83b370208b4a8a4_9399ac6312.txt,0a4ea879ff5a15ce8972d6a5265b980f3a0d5cca64698abbc96b196cae1cbeb8,201a497614182a69e422c4aed2fb02199d7c5121829c83634b92e3561ccab284
d6,d6_r4_asset_0040,val,train,images/val/d6/d6_Heavy_Equipment_1588_jpg.rf.c31ba173396fe85be6016b012a53b8ba_245e359e7f.jpg,images/train/d6/d6_Heavy_Equipment_1588_jpg.rf.c31ba173396fe85be6016b012a53b8ba_245e359e7f.jpg,labels/val/d6/d6_Heavy_Equipment_1588_jpg.rf.c31ba173396fe85be6016b012a53b8ba_245e359e7f.txt,labels/train/d6/d6_Heavy_Equipment_1588_jpg.rf.c31ba173396fe85be6016b012a53b8ba_245e359e7f.txt,2c5747053a90052524c9fc8e2509162fe1c933d0bb9372bc7e1499407963da05,9ac7d2a2b1cb7f1eac3292190bb343e8b2c22cbb78202d519878f731e735b7fd
d6,d6_r4_asset_0041,train,val,images/train/d6/d6_Heavy_Equipment_2586_jpg.rf.4a7a5badb25bef053f0776bdc900704f_6b843c1d69.jpg,images/val/d6/d6_Heavy_Equipment_2586_jpg.rf.4a7a5badb25bef053f0776bdc900704f_6b843c1d69.jpg,labels/train/d6/d6_Heavy_Equipment_2586_jpg.rf.4a7a5badb25bef053f0776bdc900704f_6b843c1d69.txt,labels/val/d6/d6_Heavy_Equipment_2586_jpg.rf.4a7a5badb25bef053f0776bdc900704f_6b843c1d69.txt,c04664df2719b2b0db149240a51b6610f69af7fc0477d74f073c23b31ce86654,9d586fa7dfd73d5ec6f0a810b148ea078667821ac88165995f44a8a9aada011e
d6,d6_r4_asset_0042,val,train,images/val/d6/d6_Heavy_Equipment_493_jpg.rf.83798ecfeffa8f82e1e55db1b5fd3615_0435b26976.jpg,images/train/d6/d6_Heavy_Equipment_493_jpg.rf.83798ecfeffa8f82e1e55db1b5fd3615_0435b26976.jpg,labels/val/d6/d6_Heavy_Equipment_493_jpg.rf.83798ecfeffa8f82e1e55db1b5fd3615_0435b26976.txt,labels/train/d6/d6_Heavy_Equipment_493_jpg.rf.83798ecfeffa8f82e1e55db1b5fd3615_0435b26976.txt,abf1736259686648556cfd7d4c9da5b5ecd1c54d373d95086edcd907c74a3b5c,76b7db86b70c2d288022409f062d5f471d600e13ebee5b80248193602a0ee057
d6,d6_r4_asset_0043,val,train,images/val/d6/d6_Heavy_Equipment_4811_jpg.rf.60cc85938d428e6494b5692421548f36_ea142dd6ae.jpg,images/train/d6/d6_Heavy_Equipment_4811_jpg.rf.60cc85938d428e6494b5692421548f36_ea142dd6ae.jpg,labels/val/d6/d6_Heavy_Equipment_4811_jpg.rf.60cc85938d428e6494b5692421548f36_ea142dd6ae.txt,labels/train/d6/d6_Heavy_Equipment_4811_jpg.rf.60cc85938d428e6494b5692421548f36_ea142dd6ae.txt,8564d2a59648a04dd5abb54ceea14e6626bec58d7ef0fc3d3ad1903e96a19314,1906bd0de78e09c0024bfdbfc5cbf8cdb87537eecfd895c6ec111d4a537f2373
d6,d6_r4_asset_0044,val,train,images/val/d6/d6_Heavy_Equipment_4554_jpg.rf.177a026ba6c1faf730702b3230944890_63c386d089.jpg,images/train/d6/d6_Heavy_Equipment_4554_jpg.rf.177a026ba6c1faf730702b3230944890_63c386d089.jpg,labels/val/d6/d6_Heavy_Equipment_4554_jpg.rf.177a026ba6c1faf730702b3230944890_63c386d089.txt,labels/train/d6/d6_Heavy_Equipment_4554_jpg.rf.177a026ba6c1faf730702b3230944890_63c386d089.txt,c7365f5a135b99694b48ed6e7afe99b68d2cedd2c107d33e4f63bda190c289e7,f88246ff4b9f0e084f54a15b5d2b07de465772146efd76f674ccaaa79d460c5b
d6,d6_r4_asset_0045,val,train,images/val/d6/d6_Heavy_Equipment_4780_jpg.rf.eb46ba48f663c6fe53c938d81fdd14b2_a8a01c1c36.jpg,images/train/d6/d6_Heavy_Equipment_4780_jpg.rf.eb46ba48f663c6fe53c938d81fdd14b2_a8a01c1c36.jpg,labels/val/d6/d6_Heavy_Equipment_4780_jpg.rf.eb46ba48f663c6fe53c938d81fdd14b2_a8a01c1c36.txt,labels/train/d6/d6_Heavy_Equipment_4780_jpg.rf.eb46ba48f663c6fe53c938d81fdd14b2_a8a01c1c36.txt,b45d9f7fa77a0ba807a99b984beaa4528a82934cf83ad9a8eb70fba16c8b5ac4,ad40db78450e700b50c9ca6045b1128a11afd87c1c92d2dc88ca3378775f0a31
d6,d6_r4_asset_0046,val,train,images/val/d6/d6_Heavy_Equipment_4426_jpg.rf.2498811acde1029e24bfb905648007f4_ad14053b33.jpg,images/train/d6/d6_Heavy_Equipment_4426_jpg.rf.2498811acde1029e24bfb905648007f4_ad14053b33.jpg,labels/val/d6/d6_Heavy_Equipment_4426_jpg.rf.2498811acde1029e24bfb905648007f4_ad14053b33.txt,labels/train/d6/d6_Heavy_Equipment_4426_jpg.rf.2498811acde1029e24bfb905648007f4_ad14053b33.txt,fc258ba054707d8e076766683ff1f9351619dd7f2d16b0491adac10f3d1cea32,6b47a5c753677d3248af228ae3f19289acb96525d6327e108910d81249ec1c88
d6,d6_r4_asset_0047,train,val,images/train/d6/d6_Heavy_Equipment_3154_jpg.rf.06648598602a02751392552b767bf21a_2a5ebd7dbb.jpg,images/val/d6/d6_Heavy_Equipment_3154_jpg.rf.06648598602a02751392552b767bf21a_2a5ebd7dbb.jpg,labels/train/d6/d6_Heavy_Equipment_3154_jpg.rf.06648598602a02751392552b767bf21a_2a5ebd7dbb.txt,labels/val/d6/d6_Heavy_Equipment_3154_jpg.rf.06648598602a02751392552b767bf21a_2a5ebd7dbb.txt,27be25a1d38547efae73016047749c83375c0f4814a7e5b2ab3846c4b5cf160f,69ed1a9fc7ba10d687e4e06a6c81b9237186c9937afc670854d561417c1b9ffe
d6,d6_r4_asset_0048,val,train,images/val/d6/d6_Heavy_Equipment_5132_jpg.rf.bf75df3d26294a7c26471c6a87c2b37c_cd62219b6e.jpg,images/train/d6/d6_Heavy_Equipment_5132_jpg.rf.bf75df3d26294a7c26471c6a87c2b37c_cd62219b6e.jpg,labels/val/d6/d6_Heavy_Equipment_5132_jpg.rf.bf75df3d26294a7c26471c6a87c2b37c_cd62219b6e.txt,labels/train/d6/d6_Heavy_Equipment_5132_jpg.rf.bf75df3d26294a7c26471c6a87c2b37c_cd62219b6e.txt,917783a3eb09fb4c82bd92184c4cea83b3f22ea008f69800fe9ae31faa0d874d,19769800463c581ee7a3fda3198b0ffaaf9530d9fd8edfb81a3ddf1c4abf305e
d6,d6_r4_asset_0049,val,train,images/val/d6/d6_Heavy_Equipment_4896_jpg.rf.87ee563cf9d3859a9ba81105da6c3446_e924b9682b.jpg,images/train/d6/d6_Heavy_Equipment_4896_jpg.rf.87ee563cf9d3859a9ba81105da6c3446_e924b9682b.jpg,labels/val/d6/d6_Heavy_Equipment_4896_jpg.rf.87ee563cf9d3859a9ba81105da6c3446_e924b9682b.txt,labels/train/d6/d6_Heavy_Equipment_4896_jpg.rf.87ee563cf9d3859a9ba81105da6c3446_e924b9682b.txt,c464a5e3d0592cace998a61591e9b81270b3cb4a458cb5029506b99d00a05afd,465baea7d657bbb577db4a53f1127bb2600b69133032ab2fdc6ba510722101bd
d6,d6_r4_asset_0050,train,val,images/train/d6/d6_Heavy_Equipment_3411_jpg.rf.12b74744fab58894cfb7fdcef213bab9_a6c0ba5f08.jpg,images/val/d6/d6_Heavy_Equipment_3411_jpg.rf.12b74744fab58894cfb7fdcef213bab9_a6c0ba5f08.jpg,labels/train/d6/d6_Heavy_Equipment_3411_jpg.rf.12b74744fab58894cfb7fdcef213bab9_a6c0ba5f08.txt,labels/val/d6/d6_Heavy_Equipment_3411_jpg.rf.12b74744fab58894cfb7fdcef213bab9_a6c0ba5f08.txt,9d4230783c2f8084770a605a8ebef2036fdd0c0acb1ac7a7dd1efb159b6090e2,d4b8af8499dfed56fb417b5bdf4484c1d973d71ae1ce34812e42903541607f0c
d6,d6_r4_asset_0051,val,train,images/val/d6/d6_Heavy_Equipment_4304_jpg.rf.bdf2c6d82ea345c57641600e63a495ec_dedb41d2ce.jpg,images/train/d6/d6_Heavy_Equipment_4304_jpg.rf.bdf2c6d82ea345c57641600e63a495ec_dedb41d2ce.jpg,labels/val/d6/d6_Heavy_Equipment_4304_jpg.rf.bdf2c6d82ea345c57641600e63a495ec_dedb41d2ce.txt,labels/train/d6/d6_Heavy_Equipment_4304_jpg.rf.bdf2c6d82ea345c57641600e63a495ec_dedb41d2ce.txt,ec25b13d2d45e75f2aff4d4e702e8124ee90f53d8d3b1e246ec19e6d3c907e04,581757bfe667aab616a23a00d852cd8eb527c0d67cf2ca3b4acaeffa722ffed9
d6,d6_r4_asset_0052,val,train,images/val/d6/d6_Heavy_Equipment_5164_jpg.rf.579e7af9aa40f66001647088aa35e177_4efac2f70b.jpg,images/train/d6/d6_Heavy_Equipment_5164_jpg.rf.579e7af9aa40f66001647088aa35e177_4efac2f70b.jpg,labels/val/d6/d6_Heavy_Equipment_5164_jpg.rf.579e7af9aa40f66001647088aa35e177_4efac2f70b.txt,labels/train/d6/d6_Heavy_Equipment_5164_jpg.rf.579e7af9aa40f66001647088aa35e177_4efac2f70b.txt,30b4d6aef77ba97e89b5301c9361a8bd9ee4ccedacc287354c3e9357c2731ac1,6bc314aed8d7f4c40011a29fd60659fd84f21570aec2d766a3a14581ccad8cdd
d6,d6_r4_asset_0053,train,val,images/train/d6/d6_Heavy_Equipment_3605_jpg.rf.b9be61c07c532b3bb29b98f5d98c40c2_c011647f2b.jpg,images/val/d6/d6_Heavy_Equipment_3605_jpg.rf.b9be61c07c532b3bb29b98f5d98c40c2_c011647f2b.jpg,labels/train/d6/d6_Heavy_Equipment_3605_jpg.rf.b9be61c07c532b3bb29b98f5d98c40c2_c011647f2b.txt,labels/val/d6/d6_Heavy_Equipment_3605_jpg.rf.b9be61c07c532b3bb29b98f5d98c40c2_c011647f2b.txt,4433dcf051f6e66581b1a5acaa65b43af5c2b913695c95f861e16166aaa526a9,271ffa68bf793f51f2e416b8a8f792a4f9b8e7c4ae37f60832aa2a7481d1fcbc
d6,d6_r4_asset_0054,val,train,images/val/d6/d6_Heavy_Equipment_5043_jpg.rf.9127cf1672e3e00a56da22d6f5351de6_d04868e318.jpg,images/train/d6/d6_Heavy_Equipment_5043_jpg.rf.9127cf1672e3e00a56da22d6f5351de6_d04868e318.jpg,labels/val/d6/d6_Heavy_Equipment_5043_jpg.rf.9127cf1672e3e00a56da22d6f5351de6_d04868e318.txt,labels/train/d6/d6_Heavy_Equipment_5043_jpg.rf.9127cf1672e3e00a56da22d6f5351de6_d04868e318.txt,0cc111d2700ad7e3ec115297c2c011f86a6001f830efb64e803f5109e5db412c,cf2b3c68ee5d018e3a4cc999744f0bf2ccf0941b513bac716cb109ce5fc62f04
d6,d6_r4_asset_0055,train,val,images/train/d6/d6_Heavy_Equipment_4186_jpg.rf.a88b10c04e0b35d76ce7d451916c8dbe_4c1b7f27a2.jpg,images/val/d6/d6_Heavy_Equipment_4186_jpg.rf.a88b10c04e0b35d76ce7d451916c8dbe_4c1b7f27a2.jpg,labels/train/d6/d6_Heavy_Equipment_4186_jpg.rf.a88b10c04e0b35d76ce7d451916c8dbe_4c1b7f27a2.txt,labels/val/d6/d6_Heavy_Equipment_4186_jpg.rf.a88b10c04e0b35d76ce7d451916c8dbe_4c1b7f27a2.txt,ee72c523f4f87d89547b6fdabb734fcb036e61a13f76dc2dbc61988ffccdd1a9,d17fec3382d197ad4b9eb3521e6015e7895778bb1f4d5e818be882f1c91cf73e
d6,d6_r4_asset_0056,train,val,images/train/d6/d6_Heavy_Equipment_4324_jpg.rf.c30d89bea37a17fa3211eac6a9e26166_5dcdb60ad4.jpg,images/val/d6/d6_Heavy_Equipment_4324_jpg.rf.c30d89bea37a17fa3211eac6a9e26166_5dcdb60ad4.jpg,labels/train/d6/d6_Heavy_Equipment_4324_jpg.rf.c30d89bea37a17fa3211eac6a9e26166_5dcdb60ad4.txt,labels/val/d6/d6_Heavy_Equipment_4324_jpg.rf.c30d89bea37a17fa3211eac6a9e26166_5dcdb60ad4.txt,3ff323be3e059776b1766e6afd0ee9d879f8519be051b73e1457b2127b3b261e,2c4c10c7b9066d1561930ea91e4876bee4c320b7fe9f4275a1fbbb5f1873da56
d6,d6_r4_asset_0057,train,val,images/train/d6/d6_Heavy_Equipment_4334_jpg.rf.398d45cf3be2be723291fcce87f970d5_605e561318.jpg,images/val/d6/d6_Heavy_Equipment_4334_jpg.rf.398d45cf3be2be723291fcce87f970d5_605e561318.jpg,labels/train/d6/d6_Heavy_Equipment_4334_jpg.rf.398d45cf3be2be723291fcce87f970d5_605e561318.txt,labels/val/d6/d6_Heavy_Equipment_4334_jpg.rf.398d45cf3be2be723291fcce87f970d5_605e561318.txt,bc3a32013d909b78630760af5d604b6b901a523873bd9d909654b7a83da9ca3d,e817faf4c97e5a457fa925593c475084e6a54ef3742d4150674f4a18ee84692b
d6,d6_r4_asset_0058,train,val,images/train/d6/d6_Heavy_Equipment_4382_jpg.rf.a0dbd396ca59145809c9a52855af7cde_0d75b070f3.jpg,images/val/d6/d6_Heavy_Equipment_4382_jpg.rf.a0dbd396ca59145809c9a52855af7cde_0d75b070f3.jpg,labels/train/d6/d6_Heavy_Equipment_4382_jpg.rf.a0dbd396ca59145809c9a52855af7cde_0d75b070f3.txt,labels/val/d6/d6_Heavy_Equipment_4382_jpg.rf.a0dbd396ca59145809c9a52855af7cde_0d75b070f3.txt,34229d59cf78a6b9436acdbfd00de4481a69ca924b181a4783cf2a6b3ba42840,0dd32eb445c29762f73ca930c7764bf84b451331b7e92b50f2be2219b5046b45
d6,d6_r4_asset_0059,train,val,images/train/d6/d6_Heavy_Equipment_4428_jpg.rf.c8c23459ea8c756a415ffaf1302bae77_c16c2c96e9.jpg,images/val/d6/d6_Heavy_Equipment_4428_jpg.rf.c8c23459ea8c756a415ffaf1302bae77_c16c2c96e9.jpg,labels/train/d6/d6_Heavy_Equipment_4428_jpg.rf.c8c23459ea8c756a415ffaf1302bae77_c16c2c96e9.txt,labels/val/d6/d6_Heavy_Equipment_4428_jpg.rf.c8c23459ea8c756a415ffaf1302bae77_c16c2c96e9.txt,7226541b897852a47ba35698d5c8926e320b9f1799c92feef03767fea1d3ccbc,34ed3a87dbeccbf37c530e63a17d13cb25bf20c84c64c9480c3e671bd10dab05
d6,d6_r4_asset_0060,train,val,images/train/d6/d6_Heavy_Equipment_444_jpg.rf.c4bdab8bb03005a1ab00f51974b03442_bf58202208.jpg,images/val/d6/d6_Heavy_Equipment_444_jpg.rf.c4bdab8bb03005a1ab00f51974b03442_bf58202208.jpg,labels/train/d6/d6_Heavy_Equipment_444_jpg.rf.c4bdab8bb03005a1ab00f51974b03442_bf58202208.txt,labels/val/d6/d6_Heavy_Equipment_444_jpg.rf.c4bdab8bb03005a1ab00f51974b03442_bf58202208.txt,b861c1c13ca2d8447151be07f93476334750799424402668cd183d432c5b127c,8c7f69833f46e9d911693ffd139fc536132ff129156963432848e8096fc90afd
d6,d6_r4_asset_0061,train,val,images/train/d6/d6_Heavy_Equipment_44_jpg.rf.077bb585708e237fbfe2a5bb3c4fe7c9_8bbd4b25a5.jpg,images/val/d6/d6_Heavy_Equipment_44_jpg.rf.077bb585708e237fbfe2a5bb3c4fe7c9_8bbd4b25a5.jpg,labels/train/d6/d6_Heavy_Equipment_44_jpg.rf.077bb585708e237fbfe2a5bb3c4fe7c9_8bbd4b25a5.txt,labels/val/d6/d6_Heavy_Equipment_44_jpg.rf.077bb585708e237fbfe2a5bb3c4fe7c9_8bbd4b25a5.txt,79537e9e1688ef3c8e2a4ebea05c03b998f47c2b283243a3e1d21981f9e25fec,40d00fffb20eeb35d72af063eb3e9c5ce2da73e67039a53f35239b5303d173d6
d6,d6_r4_asset_0062,train,val,images/train/d6/d6_Heavy_Equipment_4508_jpg.rf.fdf803bbcbc6d42027587b9db0c3ae52_6f62cf21cf.jpg,images/val/d6/d6_Heavy_Equipment_4508_jpg.rf.fdf803bbcbc6d42027587b9db0c3ae52_6f62cf21cf.jpg,labels/train/d6/d6_Heavy_Equipment_4508_jpg.rf.fdf803bbcbc6d42027587b9db0c3ae52_6f62cf21cf.txt,labels/val/d6/d6_Heavy_Equipment_4508_jpg.rf.fdf803bbcbc6d42027587b9db0c3ae52_6f62cf21cf.txt,2db518ff9760131167e463f637291ab5736b6c7882f3617a36c9ac390af779f8,c90d19ff425c188273664b6f7f442167da2d1e17694fb5b5498555f068f6a29c
d6,d6_r4_asset_0063,train,val,images/train/d6/d6_Heavy_Equipment_4562_jpg.rf.4914c05b5bbe91f53364d84a107544b5_1f3b28737a.jpg,images/val/d6/d6_Heavy_Equipment_4562_jpg.rf.4914c05b5bbe91f53364d84a107544b5_1f3b28737a.jpg,labels/train/d6/d6_Heavy_Equipment_4562_jpg.rf.4914c05b5bbe91f53364d84a107544b5_1f3b28737a.txt,labels/val/d6/d6_Heavy_Equipment_4562_jpg.rf.4914c05b5bbe91f53364d84a107544b5_1f3b28737a.txt,24917051a933d499dbf19d036be1b2156c6da5bb75ad6d0b0d2d77c2c84a8bda,8487e02428e355c3b6d2fbd6f002f68f13d3ba1db618d9db2b88a6f95e10e403
d6,d6_r4_asset_0064,val,train,images/val/d6/d6_Heavy_Equipment_3516_jpg.rf.e97092b4356bcba77d0bbb2201b379c4_aeb6104cc6.jpg,images/train/d6/d6_Heavy_Equipment_3516_jpg.rf.e97092b4356bcba77d0bbb2201b379c4_aeb6104cc6.jpg,labels/val/d6/d6_Heavy_Equipment_3516_jpg.rf.e97092b4356bcba77d0bbb2201b379c4_aeb6104cc6.txt,labels/train/d6/d6_Heavy_Equipment_3516_jpg.rf.e97092b4356bcba77d0bbb2201b379c4_aeb6104cc6.txt,ffa26d3928fcc86ccb5816253ec5f135f215656300bf7c460beda22171a6254b,df4e346d509de981af48a6da9e870816a66a462122f96196052677d546b81969
d6,d6_r4_asset_0065,train,val,images/train/d6/d6_Heavy_Equipment_4594_jpg.rf.d351b87f773b49e925f0ace205fd48ed_e3801754dc.jpg,images/val/d6/d6_Heavy_Equipment_4594_jpg.rf.d351b87f773b49e925f0ace205fd48ed_e3801754dc.jpg,labels/train/d6/d6_Heavy_Equipment_4594_jpg.rf.d351b87f773b49e925f0ace205fd48ed_e3801754dc.txt,labels/val/d6/d6_Heavy_Equipment_4594_jpg.rf.d351b87f773b49e925f0ace205fd48ed_e3801754dc.txt,6faadc51c543321747e0ca1719f9a8c6414816d1f7f4d2b8734b831e0484468c,0d295084c5149d68ed2d90984fa9b12a98ef2dde580d93739c27311b24d01b68
d6,d6_r4_asset_0066,train,val,images/train/d6/d6_Heavy_Equipment_4599_jpg.rf.dfeafc2bd339c2e447abdc683575da2f_54e9f0ffe0.jpg,images/val/d6/d6_Heavy_Equipment_4599_jpg.rf.dfeafc2bd339c2e447abdc683575da2f_54e9f0ffe0.jpg,labels/train/d6/d6_Heavy_Equipment_4599_jpg.rf.dfeafc2bd339c2e447abdc683575da2f_54e9f0ffe0.txt,labels/val/d6/d6_Heavy_Equipment_4599_jpg.rf.dfeafc2bd339c2e447abdc683575da2f_54e9f0ffe0.txt,a5be68453d7d2517bb6d4eeb205def968513f5b563d808a74ad2b623512780c1,f09da383a88f49fa81bb9521ce73e2700bcb33cc9b93ff05e18d837bb76913f6
d6,d6_r4_asset_0067,val,train,images/val/d6/d6_Heavy_Equipment_3512_jpg.rf.fac78bf13bc9e63b8eba0ef18e9b30bd_8d010361b3.jpg,images/train/d6/d6_Heavy_Equipment_3512_jpg.rf.fac78bf13bc9e63b8eba0ef18e9b30bd_8d010361b3.jpg,labels/val/d6/d6_Heavy_Equipment_3512_jpg.rf.fac78bf13bc9e63b8eba0ef18e9b30bd_8d010361b3.txt,labels/train/d6/d6_Heavy_Equipment_3512_jpg.rf.fac78bf13bc9e63b8eba0ef18e9b30bd_8d010361b3.txt,83e70b1a66adbfba025d6901d49271d258753f3701cd77b9c95202a0de2190f7,06099692baeb34267fdc7c99dda5929b0b4769540d568934e40234361bdeaa73
d6,d6_r4_asset_0068,train,val,images/train/d6/d6_Heavy_Equipment_4668_jpg.rf.49ef2008de8e8be5dc4718c3099c7df4_3dd7570112.jpg,images/val/d6/d6_Heavy_Equipment_4668_jpg.rf.49ef2008de8e8be5dc4718c3099c7df4_3dd7570112.jpg,labels/train/d6/d6_Heavy_Equipment_4668_jpg.rf.49ef2008de8e8be5dc4718c3099c7df4_3dd7570112.txt,labels/val/d6/d6_Heavy_Equipment_4668_jpg.rf.49ef2008de8e8be5dc4718c3099c7df4_3dd7570112.txt,41ff1c623b67c6581d1d9bde125324bc333971036f10d42d0db77710ae67a864,4b0cd88b199c0ae484e220139cfaea87087f788359e90294e4e984867e223bc0
d6,d6_r4_asset_0069,train,val,images/train/d6/d6_Heavy_Equipment_4698_jpg.rf.8ed50c26a2df8a1dfc9417198185cc30_e80efef5d9.jpg,images/val/d6/d6_Heavy_Equipment_4698_jpg.rf.8ed50c26a2df8a1dfc9417198185cc30_e80efef5d9.jpg,labels/train/d6/d6_Heavy_Equipment_4698_jpg.rf.8ed50c26a2df8a1dfc9417198185cc30_e80efef5d9.txt,labels/val/d6/d6_Heavy_Equipment_4698_jpg.rf.8ed50c26a2df8a1dfc9417198185cc30_e80efef5d9.txt,708e7a33efd617221f5c5004afab543d9f7d3e89d0b2fc98b01d1516a5527233,845d72f602e1b609d72bb17cf36758039c8e5b6fbfb3d289d86e62a980a36382
d6,d6_r4_asset_0070,val,train,images/val/d6/d6_Heavy_Equipment_4190_jpg.rf.9bcd76964801bcdaefe30c9cebeedcc2_e256c72884.jpg,images/train/d6/d6_Heavy_Equipment_4190_jpg.rf.9bcd76964801bcdaefe30c9cebeedcc2_e256c72884.jpg,labels/val/d6/d6_Heavy_Equipment_4190_jpg.rf.9bcd76964801bcdaefe30c9cebeedcc2_e256c72884.txt,labels/train/d6/d6_Heavy_Equipment_4190_jpg.rf.9bcd76964801bcdaefe30c9cebeedcc2_e256c72884.txt,6304800617a7af3d96f7bbfd8eeac741e640d7f663de7eff58f66c9e4ab2f7a0,b63f5a24a2d770feec5b370fea3d03fb46150b362662ca5130b1d1963913225a
d6,d6_r4_asset_0071,train,val,images/train/d6/d6_Heavy_Equipment_4825_jpg.rf.58fc473d1a1eba97600331fe1475ac0b_8cbcb98eb1.jpg,images/val/d6/d6_Heavy_Equipment_4825_jpg.rf.58fc473d1a1eba97600331fe1475ac0b_8cbcb98eb1.jpg,labels/train/d6/d6_Heavy_Equipment_4825_jpg.rf.58fc473d1a1eba97600331fe1475ac0b_8cbcb98eb1.txt,labels/val/d6/d6_Heavy_Equipment_4825_jpg.rf.58fc473d1a1eba97600331fe1475ac0b_8cbcb98eb1.txt,a2f7d100c69a5822521742eb09c2d5164abbb3a87bfff38d3a2e3d52241a6302,c9aca87cbf7419692383ee3cea6531680dcccb2da671a1fabcad81381de7fca9
d6,d6_r4_asset_0072,train,val,images/train/d6/d6_Heavy_Equipment_4978_jpg.rf.305d16a6cb0bb4500e6131063fbedf95_f7e1a64c55.jpg,images/val/d6/d6_Heavy_Equipment_4978_jpg.rf.305d16a6cb0bb4500e6131063fbedf95_f7e1a64c55.jpg,labels/train/d6/d6_Heavy_Equipment_4978_jpg.rf.305d16a6cb0bb4500e6131063fbedf95_f7e1a64c55.txt,labels/val/d6/d6_Heavy_Equipment_4978_jpg.rf.305d16a6cb0bb4500e6131063fbedf95_f7e1a64c55.txt,921e8b387211b80b188aa32332ca6fe206b214086643899adfdf06c22b5da1f8,7aaa79f0bd82f8d5a71846e7f7233820411b95bef2324fa47e5e5f126b5c3b05
d6,d6_r4_asset_0073,train,val,images/train/d6/d6_Heavy_Equipment_5046_jpg.rf.753f5ade188b2e24371ba6b71691e6e7_ba91b48d3f.jpg,images/val/d6/d6_Heavy_Equipment_5046_jpg.rf.753f5ade188b2e24371ba6b71691e6e7_ba91b48d3f.jpg,labels/train/d6/d6_Heavy_Equipment_5046_jpg.rf.753f5ade188b2e24371ba6b71691e6e7_ba91b48d3f.txt,labels/val/d6/d6_Heavy_Equipment_5046_jpg.rf.753f5ade188b2e24371ba6b71691e6e7_ba91b48d3f.txt,7878583bd97271fdca9c32b4cee9becb95452080af60384ce6e72c6ed4dd0f80,1ea7aabdb22fa1c1329965a6dd3756c553015189f1f2a4367c46d18fc766e7b6
d6,d6_r4_asset_0074,train,val,images/train/d6/d6_Heavy_Equipment_5056_jpg.rf.d19682eadd1b77ec7d4baad6d805a40c_95653a3cff.jpg,images/val/d6/d6_Heavy_Equipment_5056_jpg.rf.d19682eadd1b77ec7d4baad6d805a40c_95653a3cff.jpg,labels/train/d6/d6_Heavy_Equipment_5056_jpg.rf.d19682eadd1b77ec7d4baad6d805a40c_95653a3cff.txt,labels/val/d6/d6_Heavy_Equipment_5056_jpg.rf.d19682eadd1b77ec7d4baad6d805a40c_95653a3cff.txt,765bbc0c1ebed5aedf8fce43a3934189cf394378feb16fa69662eb482cfd5528,406b82729abca7d613068e4108f826479a9b8b9bfdfcd96ba73581ff062991bc
d6,d6_r4_asset_0075,train,val,images/train/d6/d6_Heavy_Equipment_5066_jpg.rf.0598fbb9373f4de8b91b0894f258ce0d_f04132e5b6.jpg,images/val/d6/d6_Heavy_Equipment_5066_jpg.rf.0598fbb9373f4de8b91b0894f258ce0d_f04132e5b6.jpg,labels/train/d6/d6_Heavy_Equipment_5066_jpg.rf.0598fbb9373f4de8b91b0894f258ce0d_f04132e5b6.txt,labels/val/d6/d6_Heavy_Equipment_5066_jpg.rf.0598fbb9373f4de8b91b0894f258ce0d_f04132e5b6.txt,7bac85560f0901881e9253460540bf85cb3c75e336d76483ddd661be373c4511,4ce1a9eeedd034dd88509950861247fb47077ddd63c39ea5b6491ce48758831e
d6,d6_r4_asset_0076,val,train,images/val/d6/d6_Heavy_Equipment_4239_jpg.rf.df2e918db952d3e7bc4fb59a43e02d34_a893252d71.jpg,images/train/d6/d6_Heavy_Equipment_4239_jpg.rf.df2e918db952d3e7bc4fb59a43e02d34_a893252d71.jpg,labels/val/d6/d6_Heavy_Equipment_4239_jpg.rf.df2e918db952d3e7bc4fb59a43e02d34_a893252d71.txt,labels/train/d6/d6_Heavy_Equipment_4239_jpg.rf.df2e918db952d3e7bc4fb59a43e02d34_a893252d71.txt,2e630a6069abb034cd355c8e4ca5ffb54650a555164d0e33d6cdaf8228662bf5,ff5f9652aee6cb11031c0686f5473425c26a79a506677da4c1cf3c89fb646193
d6,d6_r4_asset_0077,train,val,images/train/d6/d6_Heavy_Equipment_5123_jpg.rf.e616dc7db2b272425ee12b355b5c8185_a6402f59d4.jpg,images/val/d6/d6_Heavy_Equipment_5123_jpg.rf.e616dc7db2b272425ee12b355b5c8185_a6402f59d4.jpg,labels/train/d6/d6_Heavy_Equipment_5123_jpg.rf.e616dc7db2b272425ee12b355b5c8185_a6402f59d4.txt,labels/val/d6/d6_Heavy_Equipment_5123_jpg.rf.e616dc7db2b272425ee12b355b5c8185_a6402f59d4.txt,e53ddb5423ba5030439a6e752822e603513780dea6957a8508746c3ffe76136e,de52d57ed6402055c79f4f54e38463bc0181f7933ba042621f4323a1656b47f4
d6,d6_r4_asset_0078,val,train,images/val/d6/d6_Heavy_Equipment_5142_jpg.rf.ee16f62b3647414a3b85b5fa0fd02de5_9717b61f6c.jpg,images/train/d6/d6_Heavy_Equipment_5142_jpg.rf.ee16f62b3647414a3b85b5fa0fd02de5_9717b61f6c.jpg,labels/val/d6/d6_Heavy_Equipment_5142_jpg.rf.ee16f62b3647414a3b85b5fa0fd02de5_9717b61f6c.txt,labels/train/d6/d6_Heavy_Equipment_5142_jpg.rf.ee16f62b3647414a3b85b5fa0fd02de5_9717b61f6c.txt,41d958ae730f37fa994334a1944a24085ccc08335ca4cd341f26ac549fd1bd22,29590c2c8bc469fab6aaa113b7904b6d8c5fd3b1b68d2da4a397e06df5ce5bcf
d6,d6_r4_asset_0079,val,train,images/val/d6/d6_Heavy_Equipment_2616_jpg.rf.719f2fc48b0e9643f9a009e8fa8b31a9_8af00ed8d9.jpg,images/train/d6/d6_Heavy_Equipment_2616_jpg.rf.719f2fc48b0e9643f9a009e8fa8b31a9_8af00ed8d9.jpg,labels/val/d6/d6_Heavy_Equipment_2616_jpg.rf.719f2fc48b0e9643f9a009e8fa8b31a9_8af00ed8d9.txt,labels/train/d6/d6_Heavy_Equipment_2616_jpg.rf.719f2fc48b0e9643f9a009e8fa8b31a9_8af00ed8d9.txt,e657fb87e5d684b92b0a44f7366b593384754d1500d4c78639101a80a4ee6f33,e0dd06867b9d468f20a7503481a6f892951e25fca0098d6b99cc63da705a7e52
d6,d6_r4_asset_0080,val,train,images/val/d6/d6_Heavy_Equipment_4681_jpg.rf.6f255393960f151a8fbc22544de0784e_a93d27a086.jpg,images/train/d6/d6_Heavy_Equipment_4681_jpg.rf.6f255393960f151a8fbc22544de0784e_a93d27a086.jpg,labels/val/d6/d6_Heavy_Equipment_4681_jpg.rf.6f255393960f151a8fbc22544de0784e_a93d27a086.txt,labels/train/d6/d6_Heavy_Equipment_4681_jpg.rf.6f255393960f151a8fbc22544de0784e_a93d27a086.txt,09cc8232817469ae417fc732e0999ac01155881998f4897e72acec98af6ace30,3090bb701033b2cc3627f5b9dcf42c864620b9922c0e0dcd8265b0ccaf8477e2
d6,d6_r4_asset_0081,val,train,images/val/d6/d6_Heavy_Equipment_4601_jpg.rf.39f7d249d423e8c7c50424e7189f4aea_3477c1f318.jpg,images/train/d6/d6_Heavy_Equipment_4601_jpg.rf.39f7d249d423e8c7c50424e7189f4aea_3477c1f318.jpg,labels/val/d6/d6_Heavy_Equipment_4601_jpg.rf.39f7d249d423e8c7c50424e7189f4aea_3477c1f318.txt,labels/train/d6/d6_Heavy_Equipment_4601_jpg.rf.39f7d249d423e8c7c50424e7189f4aea_3477c1f318.txt,b166c82354ea9afc1e3339642758471569102302635129ffd39066c5255478bb,8fe22b4089d97d4128da443c3d04a9a3ace9e7aa89012a60ea8db9842216d1cd
d6,d6_r4_asset_0082,val,train,images/val/d6/d6_Heavy_Equipment_5155_jpg.rf.250ba64c8d59164d20354e64319c14dc_acbb73e237.jpg,images/train/d6/d6_Heavy_Equipment_5155_jpg.rf.250ba64c8d59164d20354e64319c14dc_acbb73e237.jpg,labels/val/d6/d6_Heavy_Equipment_5155_jpg.rf.250ba64c8d59164d20354e64319c14dc_acbb73e237.txt,labels/train/d6/d6_Heavy_Equipment_5155_jpg.rf.250ba64c8d59164d20354e64319c14dc_acbb73e237.txt,f09120a03279eb9ee8053134fb665487e177ea2171fa8f84ff3f55cfd68d1882,546cf52f02dd193af9a2cf130759c791f3b55e8e71fce93979df9753c0b5f16d
d6,d6_r4_asset_0083,train,val,images/train/d6/d6_Heavy_Equipment_6310_jpg.rf.f99ef17a8fdf34190f308204361ff78d_7b9effb67f.jpg,images/val/d6/d6_Heavy_Equipment_6310_jpg.rf.f99ef17a8fdf34190f308204361ff78d_7b9effb67f.jpg,labels/train/d6/d6_Heavy_Equipment_6310_jpg.rf.f99ef17a8fdf34190f308204361ff78d_7b9effb67f.txt,labels/val/d6/d6_Heavy_Equipment_6310_jpg.rf.f99ef17a8fdf34190f308204361ff78d_7b9effb67f.txt,17de537d725319b9ca5a20fb29d53cdc02a734c6c72786736e9cff412587bc91,3afc15f62a31555cb0d349083a94ce7ceca15ef880b99c01b4e05c2dae8e42a6
d6,d6_r4_asset_0084,val,train,images/val/d6/d6_M_B_Used-Truck-Mercedes-Axor-8X4-2022_141022_1_jpg.rf.ffb14343219921ba9d2fc855c5f45269_521ad8ed31.jpg,images/train/d6/d6_M_B_Used-Truck-Mercedes-Axor-8X4-2022_141022_1_jpg.rf.ffb14343219921ba9d2fc855c5f45269_521ad8ed31.jpg,labels/val/d6/d6_M_B_Used-Truck-Mercedes-Axor-8X4-2022_141022_1_jpg.rf.ffb14343219921ba9d2fc855c5f45269_521ad8ed31.txt,labels/train/d6/d6_M_B_Used-Truck-Mercedes-Axor-8X4-2022_141022_1_jpg.rf.ffb14343219921ba9d2fc855c5f45269_521ad8ed31.txt,2146d491338b0a4bc92f4096c0f0f32ff602d84597959502c33836977b0bc4d6,e340b350775852f09574f3bfeae40d4437b051ecc00ba25ec1ed19134a98fb31
d7,d7_r4_sequence_0001,train,test,images/train/d7/d7_0003104_jpg.rf.f469e43643d2225148935854bd2c0dbd_5e6fb14b19.jpg,images/test/d7/d7_0003104_jpg.rf.f469e43643d2225148935854bd2c0dbd_5e6fb14b19.jpg,labels/train/d7/d7_0003104_jpg.rf.f469e43643d2225148935854bd2c0dbd_5e6fb14b19.txt,labels/test/d7/d7_0003104_jpg.rf.f469e43643d2225148935854bd2c0dbd_5e6fb14b19.txt,bb00a1e7e131748a3be7fa33411ae5a86d1850a91cd752a2c795da9efe21943a,b27dfd6eb44209bf63a581bcd94fdb3ef471f06096f6b85a42b28c8b89e2a49b
d7,d7_r4_sequence_0002,train,test,images/train/d7/d7_0006067_jpg.rf.ac99ffcc359fc1c7918aed16a86baacc_c09b186be1.jpg,images/test/d7/d7_0006067_jpg.rf.ac99ffcc359fc1c7918aed16a86baacc_c09b186be1.jpg,labels/train/d7/d7_0006067_jpg.rf.ac99ffcc359fc1c7918aed16a86baacc_c09b186be1.txt,labels/test/d7/d7_0006067_jpg.rf.ac99ffcc359fc1c7918aed16a86baacc_c09b186be1.txt,314a6112768a87673a486b91df00e176eeea0247f559944787d472d8b4b14e4e,4af71ab4b9f6d1ced95656bba7c84219e96530622168245f03640e3df955f38f
d7,d7_r4_sequence_0003,train,test,images/train/d7/d7_0004340_jpg.rf.33fe4fa2c51be284d0c6ff51e1e042ee_3c782024b5.jpg,images/test/d7/d7_0004340_jpg.rf.33fe4fa2c51be284d0c6ff51e1e042ee_3c782024b5.jpg,labels/train/d7/d7_0004340_jpg.rf.33fe4fa2c51be284d0c6ff51e1e042ee_3c782024b5.txt,labels/test/d7/d7_0004340_jpg.rf.33fe4fa2c51be284d0c6ff51e1e042ee_3c782024b5.txt,153617225e1afab28c56a58a62effd159eab8b4a3f08fa5d138c67ec79309fa5,1784771985f72d00721a6508901aa72ece5b39ecefc4f710cfd7af2ec3779e13
d7,d7_r4_sequence_0004,train,test,images/train/d7/d7_0002436_jpg.rf.f2f7636c41d819a698d15c8b3d60ff12_6f36bbd74a.jpg,images/test/d7/d7_0002436_jpg.rf.f2f7636c41d819a698d15c8b3d60ff12_6f36bbd74a.jpg,labels/train/d7/d7_0002436_jpg.rf.f2f7636c41d819a698d15c8b3d60ff12_6f36bbd74a.txt,labels/test/d7/d7_0002436_jpg.rf.f2f7636c41d819a698d15c8b3d60ff12_6f36bbd74a.txt,e24d6d1fe8c62054e0ce2b424815ca4c71e25770e51b8209f15b6951327e5acf,b232545ce2dff92c1a1c70c32073d6708f29a2b195f27ef7f40222ba9102d1a5
d7,d7_r4_sequence_0005,test,val,images/test/d7/d7_0001026_jpg.rf.ec38743ac676d0e48942c9936fda0188_0cf5f8f00a.jpg,images/val/d7/d7_0001026_jpg.rf.ec38743ac676d0e48942c9936fda0188_0cf5f8f00a.jpg,labels/test/d7/d7_0001026_jpg.rf.ec38743ac676d0e48942c9936fda0188_0cf5f8f00a.txt,labels/val/d7/d7_0001026_jpg.rf.ec38743ac676d0e48942c9936fda0188_0cf5f8f00a.txt,a5c0cccec67a1b8427094ce6476f0559bccf2cd65093d11a917861016cd91b45,87697926db1fe9983779443defd334b3e0d28a53a1a0b962f4311da793b5e3f6
d7,d7_r4_sequence_0006,train,test,images/train/d7/d7_0002412_jpg.rf.0b73e9b5f33a8a0b65669e792064b128_bc3f8d56c4.jpg,images/test/d7/d7_0002412_jpg.rf.0b73e9b5f33a8a0b65669e792064b128_bc3f8d56c4.jpg,labels/train/d7/d7_0002412_jpg.rf.0b73e9b5f33a8a0b65669e792064b128_bc3f8d56c4.txt,labels/test/d7/d7_0002412_jpg.rf.0b73e9b5f33a8a0b65669e792064b128_bc3f8d56c4.txt,177bddd68334a31c34a7d90d82fbadb4edd0cfcd6ad7e1a5a01bc161e9afc0f0,3530d25384d8cd91975cc3d3ed1cae0f3240d6e7aa2d5d1aa8c482953f08aaaa
d7,d7_r4_sequence_0007,train,test,images/train/d7/d7_0002021_jpg.rf.3fc3db42b7aba5b03b1c578efad7d056_2815291852.jpg,images/test/d7/d7_0002021_jpg.rf.3fc3db42b7aba5b03b1c578efad7d056_2815291852.jpg,labels/train/d7/d7_0002021_jpg.rf.3fc3db42b7aba5b03b1c578efad7d056_2815291852.txt,labels/test/d7/d7_0002021_jpg.rf.3fc3db42b7aba5b03b1c578efad7d056_2815291852.txt,b8356cd2794084e44fd7afa13867505be2166a61c30c76deb5af58436c24c474,de15b26f5b805de33cd9d22b4ca0d87c4ed0a26e917ea9d179969914a494e7bc
d7,d7_r4_sequence_0008,test,train,images/test/d7/d7_0001548_jpg.rf.9b1551f64a53ddac4b5a454b82bc31e5_8555bf6e42.jpg,images/train/d7/d7_0001548_jpg.rf.9b1551f64a53ddac4b5a454b82bc31e5_8555bf6e42.jpg,labels/test/d7/d7_0001548_jpg.rf.9b1551f64a53ddac4b5a454b82bc31e5_8555bf6e42.txt,labels/train/d7/d7_0001548_jpg.rf.9b1551f64a53ddac4b5a454b82bc31e5_8555bf6e42.txt,1c6e9518e767ce6c8fe98051637628c776f36e0c7a99d072e52e9495ec7f2365,1847002f53f8e205ad00ddded3f83ac35e36976e15553b241a81a89014f5c04b
d7,d7_r4_sequence_0009,test,train,images/test/d7/d7_0001609_jpg.rf.d0305a3084c324c6f553521a15d35e43_c037aba1e0.jpg,images/train/d7/d7_0001609_jpg.rf.d0305a3084c324c6f553521a15d35e43_c037aba1e0.jpg,labels/test/d7/d7_0001609_jpg.rf.d0305a3084c324c6f553521a15d35e43_c037aba1e0.txt,labels/train/d7/d7_0001609_jpg.rf.d0305a3084c324c6f553521a15d35e43_c037aba1e0.txt,ae625cf8985d19f42ed10c057455013930b475f4dab0aad81fbe4e2263f9da79,b67564fec095519c200db172ec47d2894791b3c3783f9aa8ffcb08ca6b572b94
d7,d7_r4_sequence_0010,train,test,images/train/d7/d7_0004174_jpg.rf.e3a4cedf88805ad5b444ac3c6879bb84_177333b25f.jpg,images/test/d7/d7_0004174_jpg.rf.e3a4cedf88805ad5b444ac3c6879bb84_177333b25f.jpg,labels/train/d7/d7_0004174_jpg.rf.e3a4cedf88805ad5b444ac3c6879bb84_177333b25f.txt,labels/test/d7/d7_0004174_jpg.rf.e3a4cedf88805ad5b444ac3c6879bb84_177333b25f.txt,d6a09499131e57be46ce44201404bdfa85b16f7ab89394da4981645ee7c85bae,4d4ba8ce06cd94ad91a018f2e36e4785a10a5abe685b056eb6818447341b8d30
d7,d7_r4_sequence_0010,val,test,images/val/d7/d7_0003432_jpg.rf.e0859c1ccd040c02e4b3708c1baa320d_fc1540d2fe.jpg,images/test/d7/d7_0003432_jpg.rf.e0859c1ccd040c02e4b3708c1baa320d_fc1540d2fe.jpg,labels/val/d7/d7_0003432_jpg.rf.e0859c1ccd040c02e4b3708c1baa320d_fc1540d2fe.txt,labels/test/d7/d7_0003432_jpg.rf.e0859c1ccd040c02e4b3708c1baa320d_fc1540d2fe.txt,2aa85ae76b480630b095afec063f90ee474d5cdd9f4e72514bdde8ead6957c6c,93b3e4e63c41c3d80c3d6a2052964917493cdfc1ebd5860106e8843c1451ad39
d7,d7_r4_sequence_0011,test,train,images/test/d7/d7_0001965_jpg.rf.f18e8a28a5a4b05e3eb3474909f38ff8_0f33162d41.jpg,images/train/d7/d7_0001965_jpg.rf.f18e8a28a5a4b05e3eb3474909f38ff8_0f33162d41.jpg,labels/test/d7/d7_0001965_jpg.rf.f18e8a28a5a4b05e3eb3474909f38ff8_0f33162d41.txt,labels/train/d7/d7_0001965_jpg.rf.f18e8a28a5a4b05e3eb3474909f38ff8_0f33162d41.txt,5a0647047c79c9fc88cfa0661f1351eb28cd78ba113e584a6646c7290e474933,d8ba86c560ecb265c918696fcf671773a47e5021420ec8661bcb25e0a82db189
d7,d7_r4_sequence_0011,val,train,images/val/d7/d7_0002574_jpg.rf.d515a7a47ad00313e752433d4bda7800_0869492ca9.jpg,images/train/d7/d7_0002574_jpg.rf.d515a7a47ad00313e752433d4bda7800_0869492ca9.jpg,labels/val/d7/d7_0002574_jpg.rf.d515a7a47ad00313e752433d4bda7800_0869492ca9.txt,labels/train/d7/d7_0002574_jpg.rf.d515a7a47ad00313e752433d4bda7800_0869492ca9.txt,ff1768574ff16be5ed3267dafc019e4bc363f48c84c63ff813340d2dff134537,728e338717a0693179c8727192c8222f29684efd180cb5bf2e83714c25d7914b
d7,d7_r4_sequence_0011,val,train,images/val/d7/d7_0002795_jpg.rf.b69f8a72c93a91850109f2ce26378854_7a141a86ae.jpg,images/train/d7/d7_0002795_jpg.rf.b69f8a72c93a91850109f2ce26378854_7a141a86ae.jpg,labels/val/d7/d7_0002795_jpg.rf.b69f8a72c93a91850109f2ce26378854_7a141a86ae.txt,labels/train/d7/d7_0002795_jpg.rf.b69f8a72c93a91850109f2ce26378854_7a141a86ae.txt,24e921a4c2e93bd00293c76ae8607c7faded1750065a2b55d22dcb2c0e572a7a,cb42da65ff7a5b84439a93f3eb4e6541fe58cd6c983d60090915a19df6632f65
d7,d7_r4_sequence_0011,val,train,images/val/d7/d7_0006420_jpg.rf.265d09d9f06f079d257d5bb4ec7702cb_a891a77945.jpg,images/train/d7/d7_0006420_jpg.rf.265d09d9f06f079d257d5bb4ec7702cb_a891a77945.jpg,labels/val/d7/d7_0006420_jpg.rf.265d09d9f06f079d257d5bb4ec7702cb_a891a77945.txt,labels/train/d7/d7_0006420_jpg.rf.265d09d9f06f079d257d5bb4ec7702cb_a891a77945.txt,25664cde86569163266b4f9fed52451dc88c39d5c9cae8632dcf492607795781,39d10192d87eb1bd2bb538a4535af5b3ab0a8724ec615674247c7cabc52afc38
d7,d7_r4_sequence_0012,train,test,images/train/d7/d7_0001285_jpg.rf.a88c448927940c5923095cc9e8d8a38e_367e7b8465.jpg,images/test/d7/d7_0001285_jpg.rf.a88c448927940c5923095cc9e8d8a38e_367e7b8465.jpg,labels/train/d7/d7_0001285_jpg.rf.a88c448927940c5923095cc9e8d8a38e_367e7b8465.txt,labels/test/d7/d7_0001285_jpg.rf.a88c448927940c5923095cc9e8d8a38e_367e7b8465.txt,df6e393d54294bd520b4691714129a4c0f2651adeb3583b4fb319350dccf160b,6fcb4c6dcbf88702a8873ee7522d4f2b56d2cd3f315127b51d0127fa5cda730a
d7,d7_r4_sequence_0012,train,test,images/train/d7/d7_0001975_jpg.rf.2bd0e9af3e3cbd8e061f775fab989922_ab6b5bf842.jpg,images/test/d7/d7_0001975_jpg.rf.2bd0e9af3e3cbd8e061f775fab989922_ab6b5bf842.jpg,labels/train/d7/d7_0001975_jpg.rf.2bd0e9af3e3cbd8e061f775fab989922_ab6b5bf842.txt,labels/test/d7/d7_0001975_jpg.rf.2bd0e9af3e3cbd8e061f775fab989922_ab6b5bf842.txt,4be66818b74cbb1e3a2d8745f6f496c87fbcc1aa5ac830226242fc8dd678cf6f,3651d637356dd1ca66a404eb9102cb4b882f89010c495853143c8a7b4b05f4a2
d7,d7_r4_sequence_0013,test,train,images/test/d7/d7_0001993_jpg.rf.70f7a871200dff06c17e461a7508b8b4_8d3800afa4.jpg,images/train/d7/d7_0001993_jpg.rf.70f7a871200dff06c17e461a7508b8b4_8d3800afa4.jpg,labels/test/d7/d7_0001993_jpg.rf.70f7a871200dff06c17e461a7508b8b4_8d3800afa4.txt,labels/train/d7/d7_0001993_jpg.rf.70f7a871200dff06c17e461a7508b8b4_8d3800afa4.txt,8214825b089a1c3d3c6321fbb75802f9c14e022050a5ca5627e2ba15384f95d6,e6b6d050051aa625ea2c910edc39b18478e0e409daf0394533cd4e17df3346cf
d7,d7_r4_sequence_0014,test,train,images/test/d7/d7_0002122_jpg.rf.b4a10e573b443da65fc5ade5e0577b92_6103e9fb72.jpg,images/train/d7/d7_0002122_jpg.rf.b4a10e573b443da65fc5ade5e0577b92_6103e9fb72.jpg,labels/test/d7/d7_0002122_jpg.rf.b4a10e573b443da65fc5ade5e0577b92_6103e9fb72.txt,labels/train/d7/d7_0002122_jpg.rf.b4a10e573b443da65fc5ade5e0577b92_6103e9fb72.txt,32c1552aea82f919102559859995031beeff5c7d8c37e108fb5b6a2d35d52a6c,b70910194bbcb47f6f8213e1f04c8854e065766c42a3a6029f5895707148237b
d7,d7_r4_sequence_0015,test,train,images/test/d7/d7_0002684_jpg.rf.a805e2d5d64366ff8155d698e5b95880_d21faeb05a.jpg,images/train/d7/d7_0002684_jpg.rf.a805e2d5d64366ff8155d698e5b95880_d21faeb05a.jpg,labels/test/d7/d7_0002684_jpg.rf.a805e2d5d64366ff8155d698e5b95880_d21faeb05a.txt,labels/train/d7/d7_0002684_jpg.rf.a805e2d5d64366ff8155d698e5b95880_d21faeb05a.txt,f1aaadd87d582e26fb16bd216bcda2dd2bee314fcc27b7e1f9d34ed86603b3a9,7eec3689ea3396af18fea888aa473ca0b5821d08d25abc6cdb0864b8c797ffd1
d7,d7_r4_sequence_0016,train,test,images/train/d7/d7_0002113_jpg.rf.59dc01b44375c0b1edaffbfe90987249_773bddb259.jpg,images/test/d7/d7_0002113_jpg.rf.59dc01b44375c0b1edaffbfe90987249_773bddb259.jpg,labels/train/d7/d7_0002113_jpg.rf.59dc01b44375c0b1edaffbfe90987249_773bddb259.txt,labels/test/d7/d7_0002113_jpg.rf.59dc01b44375c0b1edaffbfe90987249_773bddb259.txt,1e479c2da83dbbddb6f20f57e1d15a08492f555b5ff453974f9150b2b06e2da9,700fc1825af50cef7b36b115f0f78ed87f4ec6b232fbdd092e39ce7e40768d70
d7,d7_r4_sequence_0017,test,train,images/test/d7/d7_0002866_jpg.rf.1268f6635d7d2dedd4b325c114b52c1a_e93e652e81.jpg,images/train/d7/d7_0002866_jpg.rf.1268f6635d7d2dedd4b325c114b52c1a_e93e652e81.jpg,labels/test/d7/d7_0002866_jpg.rf.1268f6635d7d2dedd4b325c114b52c1a_e93e652e81.txt,labels/train/d7/d7_0002866_jpg.rf.1268f6635d7d2dedd4b325c114b52c1a_e93e652e81.txt,e20c95f695a579b916e5617409171c496a820d1ca7a558c90f0c0e3080281a20,25fd61484e090a4a6d7c80a72770df6918c652af51adfee26b355d0c627215af
d7,d7_r4_sequence_0017,val,train,images/val/d7/d7_0000906_jpg.rf.6c486d02ee1a9cbf1f7addc57923a801_d0148782fa.jpg,images/train/d7/d7_0000906_jpg.rf.6c486d02ee1a9cbf1f7addc57923a801_d0148782fa.jpg,labels/val/d7/d7_0000906_jpg.rf.6c486d02ee1a9cbf1f7addc57923a801_d0148782fa.txt,labels/train/d7/d7_0000906_jpg.rf.6c486d02ee1a9cbf1f7addc57923a801_d0148782fa.txt,519476f1a508fd3d8e7bc695065b07ae4f7e5be43e6356005141ff62378c7260,fed0722af4ce7275dea2a68518cf3165ed69e2231c4d572de8b4583dc5a544e7
d7,d7_r4_sequence_0018,test,train,images/test/d7/d7_0003405_jpg.rf.7a35537796894a0fbe9c3bc6e8d54d5f_38f62c4ce9.jpg,images/train/d7/d7_0003405_jpg.rf.7a35537796894a0fbe9c3bc6e8d54d5f_38f62c4ce9.jpg,labels/test/d7/d7_0003405_jpg.rf.7a35537796894a0fbe9c3bc6e8d54d5f_38f62c4ce9.txt,labels/train/d7/d7_0003405_jpg.rf.7a35537796894a0fbe9c3bc6e8d54d5f_38f62c4ce9.txt,98c91cf69f8b413ee32d306999b3ae72fabf138c2cf44d6182da288d41914b37,469ab6c2c19e2213f2b13ecb04acec6c47e1b7b1ce9cf60bcc3ba64a033533f5
d7,d7_r4_sequence_0018,val,train,images/val/d7/d7_0000744_jpg.rf.3b27ddc0b6d45e7ca00ef9b22a7e50a3_33e6eae7c5.jpg,images/train/d7/d7_0000744_jpg.rf.3b27ddc0b6d45e7ca00ef9b22a7e50a3_33e6eae7c5.jpg,labels/val/d7/d7_0000744_jpg.rf.3b27ddc0b6d45e7ca00ef9b22a7e50a3_33e6eae7c5.txt,labels/train/d7/d7_0000744_jpg.rf.3b27ddc0b6d45e7ca00ef9b22a7e50a3_33e6eae7c5.txt,a2a0f953071e5a6678e3ba201abd13d8c486d4d736391be2900955281e24156d,65fada02eef27080e54d6cb32359442c1d19b571be4849ac9aab964c6d4353a7
d7,d7_r4_sequence_0019,test,train,images/test/d7/d7_0003497_jpg.rf.7006d125ab8a88f2aa003254d16bad70_6424b1024b.jpg,images/train/d7/d7_0003497_jpg.rf.7006d125ab8a88f2aa003254d16bad70_6424b1024b.jpg,labels/test/d7/d7_0003497_jpg.rf.7006d125ab8a88f2aa003254d16bad70_6424b1024b.txt,labels/train/d7/d7_0003497_jpg.rf.7006d125ab8a88f2aa003254d16bad70_6424b1024b.txt,950170d5f296f788f8a920525a7ec5f42781d4c58e81b2f781689161a556e97d,19c63f3a9f528877321ba7b579c9c7fe86bea7010ed53bc674e54a9a60eb37d8
d7,d7_r4_sequence_0020,train,test,images/train/d7/d7_0002283_jpg.rf.ace7984212c8c2e436c6dd6c6710db87_6556859dc0.jpg,images/test/d7/d7_0002283_jpg.rf.ace7984212c8c2e436c6dd6c6710db87_6556859dc0.jpg,labels/train/d7/d7_0002283_jpg.rf.ace7984212c8c2e436c6dd6c6710db87_6556859dc0.txt,labels/test/d7/d7_0002283_jpg.rf.ace7984212c8c2e436c6dd6c6710db87_6556859dc0.txt,d74680e5c463a8b92a54c060abd29b9bb47814a461cb8184d60fb4127516e380,8eb805c5526956c5f6b71cbb30d09bd44cd496c2004bd19a77778b06fd491a1b
d7,d7_r4_sequence_0021,test,val,images/test/d7/d7_0004041_jpg.rf.01b054c1a9c5e7b8f3e6c68ef8ae9e81_ffbee94cb6.jpg,images/val/d7/d7_0004041_jpg.rf.01b054c1a9c5e7b8f3e6c68ef8ae9e81_ffbee94cb6.jpg,labels/test/d7/d7_0004041_jpg.rf.01b054c1a9c5e7b8f3e6c68ef8ae9e81_ffbee94cb6.txt,labels/val/d7/d7_0004041_jpg.rf.01b054c1a9c5e7b8f3e6c68ef8ae9e81_ffbee94cb6.txt,1a00a679dd07e027b6981854b804fed8b9926255450f0c087619c81f225f91a3,95ac1d2ca5100812bbfec529e3d7d51b3f8c6ad11727e43a085f45b15301fb6e
d7,d7_r4_sequence_0022,test,val,images/test/d7/d7_0004103_jpg.rf.8bbc0c9158ecad8e342da4e6ec92b518_e32075c8bc.jpg,images/val/d7/d7_0004103_jpg.rf.8bbc0c9158ecad8e342da4e6ec92b518_e32075c8bc.jpg,labels/test/d7/d7_0004103_jpg.rf.8bbc0c9158ecad8e342da4e6ec92b518_e32075c8bc.txt,labels/val/d7/d7_0004103_jpg.rf.8bbc0c9158ecad8e342da4e6ec92b518_e32075c8bc.txt,828b077bc1daf92b2140eebbfe66cb3644675ea1e196d0755f9d5569e3636d3f,198cc57308a37a5db5531697509fd1575cc5150188f5e4fc8a121661f1e56886
d7,d7_r4_sequence_0023,test,val,images/test/d7/d7_0004343_jpg.rf.4e4269c6475b21bb97b88656f1560e64_f3616ba75b.jpg,images/val/d7/d7_0004343_jpg.rf.4e4269c6475b21bb97b88656f1560e64_f3616ba75b.jpg,labels/test/d7/d7_0004343_jpg.rf.4e4269c6475b21bb97b88656f1560e64_f3616ba75b.txt,labels/val/d7/d7_0004343_jpg.rf.4e4269c6475b21bb97b88656f1560e64_f3616ba75b.txt,4b946c9f1f2cdf0730529aa67caed15394a85a33e887afb0ce4c5daab650040e,8ea7f2dfc4b131a3634d7fd0b042e9b591fb9b20edf49f5836397f22d753e331
d7,d7_r4_sequence_0023,train,val,images/train/d7/d7_0000159_jpg.rf.00fd3a04de7ccc222e9e8853a619ce83_bc1e839cf5.jpg,images/val/d7/d7_0000159_jpg.rf.00fd3a04de7ccc222e9e8853a619ce83_bc1e839cf5.jpg,labels/train/d7/d7_0000159_jpg.rf.00fd3a04de7ccc222e9e8853a619ce83_bc1e839cf5.txt,labels/val/d7/d7_0000159_jpg.rf.00fd3a04de7ccc222e9e8853a619ce83_bc1e839cf5.txt,968d5f161d9c5dc0f743229cc94e5469a868885d36306a996eca942cb7a97856,07fb94a6d0ac140c0b05076f850f66b3161b860bebeb582f690007c33da74e20
d7,d7_r4_sequence_0024,train,test,images/train/d7/d7_0003089_jpg.rf.99836adfe19f8f1666865c8c85a9f51d_342e798e15.jpg,images/test/d7/d7_0003089_jpg.rf.99836adfe19f8f1666865c8c85a9f51d_342e798e15.jpg,labels/train/d7/d7_0003089_jpg.rf.99836adfe19f8f1666865c8c85a9f51d_342e798e15.txt,labels/test/d7/d7_0003089_jpg.rf.99836adfe19f8f1666865c8c85a9f51d_342e798e15.txt,61a3ca78bc12f1bf515c9fdf0c554b0a8cc547acc61bedf4fbbdac6532c867a4,0828456bbe5ed0594f16cf11c1a6a953f7cc4a4c02b59bb72fd49754daf8fe70
d7,d7_r4_sequence_0025,test,train,images/test/d7/d7_0004927_jpg.rf.d0877a8546f2a49b133f9d5f7423d289_98687df727.jpg,images/train/d7/d7_0004927_jpg.rf.d0877a8546f2a49b133f9d5f7423d289_98687df727.jpg,labels/test/d7/d7_0004927_jpg.rf.d0877a8546f2a49b133f9d5f7423d289_98687df727.txt,labels/train/d7/d7_0004927_jpg.rf.d0877a8546f2a49b133f9d5f7423d289_98687df727.txt,e4010a97b73bc847dd0e61816b42647c17075a6ab02701bda7b155994e5f4591,9ed8ec8bb99eb2cd1747d8c9b47483e8a6e0dffd05ca5e81c081980d8594b8ba
d7,d7_r4_sequence_0026,test,val,images/test/d7/d7_0005302_jpg.rf.6ac07a454716f84b6b9a150cd24fdaea_af51cb521c.jpg,images/val/d7/d7_0005302_jpg.rf.6ac07a454716f84b6b9a150cd24fdaea_af51cb521c.jpg,labels/test/d7/d7_0005302_jpg.rf.6ac07a454716f84b6b9a150cd24fdaea_af51cb521c.txt,labels/val/d7/d7_0005302_jpg.rf.6ac07a454716f84b6b9a150cd24fdaea_af51cb521c.txt,576e53c69fe86f2e6ed2b8167759e4ea4128fa19a781d55dddf3ad6774665919,65cb4a36c9dc995b66d860cf6bd87e261f4150d236ce02bc30978a20cbbf31b7
d7,d7_r4_sequence_0027,val,test,images/val/d7/d7_0006195_jpg.rf.11232f7c67f4fd9612d045d014ff9618_0042f58c8e.jpg,images/test/d7/d7_0006195_jpg.rf.11232f7c67f4fd9612d045d014ff9618_0042f58c8e.jpg,labels/val/d7/d7_0006195_jpg.rf.11232f7c67f4fd9612d045d014ff9618_0042f58c8e.txt,labels/test/d7/d7_0006195_jpg.rf.11232f7c67f4fd9612d045d014ff9618_0042f58c8e.txt,2f0acf9746c45db0e29dcb3f3dbf213b5eb1b98d2640365c598fec9827910c24,1d092427d40e0072f7545deec5badb2fbd7ef8c4c5b37d2effe3c11c2dd9b98d
d7,d7_r4_sequence_0028,test,val,images/test/d7/d7_0006285_jpg.rf.b7e3a2317cb22acebec391366daba1be_14df0c5b61.jpg,images/val/d7/d7_0006285_jpg.rf.b7e3a2317cb22acebec391366daba1be_14df0c5b61.jpg,labels/test/d7/d7_0006285_jpg.rf.b7e3a2317cb22acebec391366daba1be_14df0c5b61.txt,labels/val/d7/d7_0006285_jpg.rf.b7e3a2317cb22acebec391366daba1be_14df0c5b61.txt,0bc31cd715c24a512603b82d5fecd5e32858dc31106e4830953225f2c7e12a9f,d1c5b8570c65cbb8667c77a95152c0674dcf460c0be6321503ea2bd938748a10
d7,d7_r4_sequence_0028,train,val,images/train/d7/d7_0002813_jpg.rf.be4d4ccf636f15a2e4262de5df803470_0a6ade5156.jpg,images/val/d7/d7_0002813_jpg.rf.be4d4ccf636f15a2e4262de5df803470_0a6ade5156.jpg,labels/train/d7/d7_0002813_jpg.rf.be4d4ccf636f15a2e4262de5df803470_0a6ade5156.txt,labels/val/d7/d7_0002813_jpg.rf.be4d4ccf636f15a2e4262de5df803470_0a6ade5156.txt,1bc3c84ff72dfb200dbc31f30994870e769a65e51467fe276c4e6eaa81441352,da83d04155194eb8211b68e24ba32fb295237103f03d2339c6854706bdb780b4
d7,d7_r4_sequence_0029,train,test,images/train/d7/d7_0005955_jpg.rf.5d4a27d35f5861383c7f20ae59dc24c4_f485bd2452.jpg,images/test/d7/d7_0005955_jpg.rf.5d4a27d35f5861383c7f20ae59dc24c4_f485bd2452.jpg,labels/train/d7/d7_0005955_jpg.rf.5d4a27d35f5861383c7f20ae59dc24c4_f485bd2452.txt,labels/test/d7/d7_0005955_jpg.rf.5d4a27d35f5861383c7f20ae59dc24c4_f485bd2452.txt,86189639ceef4eea55040e1bec62440c0fcb98fe8ae1f2b668eddee0514fb5d2,729e6574ffccb21affd99ca9a8cd13772e9cffbc9e8bcd36ad1fd46620ecda30
d7,d7_r4_sequence_0029,val,test,images/val/d7/d7_0002808_jpg.rf.5f479293a7076a032a32adb3e9c98ec9_947892e4b3.jpg,images/test/d7/d7_0002808_jpg.rf.5f479293a7076a032a32adb3e9c98ec9_947892e4b3.jpg,labels/val/d7/d7_0002808_jpg.rf.5f479293a7076a032a32adb3e9c98ec9_947892e4b3.txt,labels/test/d7/d7_0002808_jpg.rf.5f479293a7076a032a32adb3e9c98ec9_947892e4b3.txt,6d0f847576fed3adaa442c190fd89bb5859419a14d7d141169e0df83c7840efb,ff1af1c7e40dd64c291e3ab8d91aa45801dd3ba8bacf2922d0f29612d75135b3
d7,d7_r4_sequence_0030,train,val,images/train/d7/d7_0000188_jpg.rf.b24da07d2f63ab250bbd39896f1b8034_863178d0e1.jpg,images/val/d7/d7_0000188_jpg.rf.b24da07d2f63ab250bbd39896f1b8034_863178d0e1.jpg,labels/train/d7/d7_0000188_jpg.rf.b24da07d2f63ab250bbd39896f1b8034_863178d0e1.txt,labels/val/d7/d7_0000188_jpg.rf.b24da07d2f63ab250bbd39896f1b8034_863178d0e1.txt,89a7644428ba1bd23af0d15d965698bc94d11849b154ce4fb223cbfd34d98af7,da582db8d120483740960e0da63cc643aa70f6a5ef6d0145332def9966daf295
d7,d7_r4_sequence_0031,train,val,images/train/d7/d7_0000216_jpg.rf.a82328a3dca4ac706cf6bc701bd775b7_5a036e7c38.jpg,images/val/d7/d7_0000216_jpg.rf.a82328a3dca4ac706cf6bc701bd775b7_5a036e7c38.jpg,labels/train/d7/d7_0000216_jpg.rf.a82328a3dca4ac706cf6bc701bd775b7_5a036e7c38.txt,labels/val/d7/d7_0000216_jpg.rf.a82328a3dca4ac706cf6bc701bd775b7_5a036e7c38.txt,943212390b2ced16ca2417bbde1d661872bd63b95d12f8cb4ef99ab5eda696d5,7ffbcb08dc1002dbedecffc4ecf99b75cf4b6170436c4252b9fd151c7edf2961
d7,d7_r4_sequence_0032,train,val,images/train/d7/d7_0000222_jpg.rf.2383c54f37e8b8189048d05980e47eb9_ce8b9b4108.jpg,images/val/d7/d7_0000222_jpg.rf.2383c54f37e8b8189048d05980e47eb9_ce8b9b4108.jpg,labels/train/d7/d7_0000222_jpg.rf.2383c54f37e8b8189048d05980e47eb9_ce8b9b4108.txt,labels/val/d7/d7_0000222_jpg.rf.2383c54f37e8b8189048d05980e47eb9_ce8b9b4108.txt,44a56bfc65baf99bc83dde0804b58af12bc0b2e8869024e14ea419b8d5a2e2e5,157e4d4850602cbe7eb2aa5c38d62dcd0dfc63680952acbed3384e37ed298553
d7,d7_r4_sequence_0033,train,val,images/train/d7/d7_0000233_jpg.rf.3f11c6313caea24351e7967ed3d88603_134dcd4eef.jpg,images/val/d7/d7_0000233_jpg.rf.3f11c6313caea24351e7967ed3d88603_134dcd4eef.jpg,labels/train/d7/d7_0000233_jpg.rf.3f11c6313caea24351e7967ed3d88603_134dcd4eef.txt,labels/val/d7/d7_0000233_jpg.rf.3f11c6313caea24351e7967ed3d88603_134dcd4eef.txt,04ac01fad39f142c64403e22ea73c0e56147664eda88e560c0df933d82e05db0,cf97724e611904d56ef657f84f531018f58c7a4af3ab1a7b21c6a37984a89f48
d7,d7_r4_sequence_0034,val,train,images/val/d7/d7_0000276_jpg.rf.6e8362d99df9b368bd4e7a7ae77238d0_d861ce4b9c.jpg,images/train/d7/d7_0000276_jpg.rf.6e8362d99df9b368bd4e7a7ae77238d0_d861ce4b9c.jpg,labels/val/d7/d7_0000276_jpg.rf.6e8362d99df9b368bd4e7a7ae77238d0_d861ce4b9c.txt,labels/train/d7/d7_0000276_jpg.rf.6e8362d99df9b368bd4e7a7ae77238d0_d861ce4b9c.txt,ba581e200ba9b5b8e55a2900d2566b920c529ddbc2aaa5b8de63995aee0b6f54,49e798ea8dcd9c8bf11c6514b6f01dfe809360ad48973ee40dde42be678313f4
d7,d7_r4_sequence_0035,val,train,images/val/d7/d7_0001875_jpg.rf.0b9327646804881e88423d8ee3543773_387489cb76.jpg,images/train/d7/d7_0001875_jpg.rf.0b9327646804881e88423d8ee3543773_387489cb76.jpg,labels/val/d7/d7_0001875_jpg.rf.0b9327646804881e88423d8ee3543773_387489cb76.txt,labels/train/d7/d7_0001875_jpg.rf.0b9327646804881e88423d8ee3543773_387489cb76.txt,0921f6aed36c61bccdf7131e6134dac139506c61c1492cc30256c74679e061bd,b1fa16bfc34f1125cca306387dff9c974512e472dba0354c3284984ee912c280
d7,d7_r4_sequence_0036,val,train,images/val/d7/d7_0004883_jpg.rf.f28a3ecc7bcca739f632565f551746fb_2df98ed151.jpg,images/train/d7/d7_0004883_jpg.rf.f28a3ecc7bcca739f632565f551746fb_2df98ed151.jpg,labels/val/d7/d7_0004883_jpg.rf.f28a3ecc7bcca739f632565f551746fb_2df98ed151.txt,labels/train/d7/d7_0004883_jpg.rf.f28a3ecc7bcca739f632565f551746fb_2df98ed151.txt,8e32803a2362f2356f9867d52bd50e4d03d05165c919090cf3ba41df5ec4e83a,3eb2ed9290e132a657015daa9cfbcee5fc2fc7bdf2f554f6217966cc09c8d316
d7,d7_r4_sequence_0037,val,train,images/val/d7/d7_0005976_jpg.rf.af1961c78606445fe481be9158772dea_705e9129f5.jpg,images/train/d7/d7_0005976_jpg.rf.af1961c78606445fe481be9158772dea_705e9129f5.jpg,labels/val/d7/d7_0005976_jpg.rf.af1961c78606445fe481be9158772dea_705e9129f5.txt,labels/train/d7/d7_0005976_jpg.rf.af1961c78606445fe481be9158772dea_705e9129f5.txt,f3688ef36d361b10d88d42f6cb619ed4e52785db68a49f7f632fbf1ba2437fad,cea8304392d5a1fee9ae38184fb0a1dff0e033ce353ed0a459a4ecd57d456860
d7,d7_r4_sequence_0038,val,train,images/val/d7/d7_0001143_jpg.rf.a38ae41722e18d71fcfee1451926d204_2edbc2e55e.jpg,images/train/d7/d7_0001143_jpg.rf.a38ae41722e18d71fcfee1451926d204_2edbc2e55e.jpg,labels/val/d7/d7_0001143_jpg.rf.a38ae41722e18d71fcfee1451926d204_2edbc2e55e.txt,labels/train/d7/d7_0001143_jpg.rf.a38ae41722e18d71fcfee1451926d204_2edbc2e55e.txt,8d155f8a2c55c6f0cd2c51e9e8e2cbbcfca0baa3538dfeaa995ab6276ce2ad66,61a6bd47c6b43aac2f5413f49ed1d5ffa8d5f99ec8c8d46e2a33b36afa439182
d7,d7_r4_sequence_0039,train,val,images/train/d7/d7_0001540_jpg.rf.2f13338ef7871ddcad540b6435b72e99_74ffa21956.jpg,images/val/d7/d7_0001540_jpg.rf.2f13338ef7871ddcad540b6435b72e99_74ffa21956.jpg,labels/train/d7/d7_0001540_jpg.rf.2f13338ef7871ddcad540b6435b72e99_74ffa21956.txt,labels/val/d7/d7_0001540_jpg.rf.2f13338ef7871ddcad540b6435b72e99_74ffa21956.txt,a350244b07c2565bc748e31b9fcd53efad6d63a9ccaebfe3d8487f531673701b,8b522cfd5a2d28e5a0684ce60a8fa19d618627287a835f253296823642c3f3b4
d7,d7_r4_sequence_0040,val,train,images/val/d7/d7_0004887_jpg.rf.8219ff0ac93ab47270943d5f24410d3d_b848ff309b.jpg,images/train/d7/d7_0004887_jpg.rf.8219ff0ac93ab47270943d5f24410d3d_b848ff309b.jpg,labels/val/d7/d7_0004887_jpg.rf.8219ff0ac93ab47270943d5f24410d3d_b848ff309b.txt,labels/train/d7/d7_0004887_jpg.rf.8219ff0ac93ab47270943d5f24410d3d_b848ff309b.txt,f586085098987515981208d364203e21fb958d89f86252b42ebe57e786abdb92,271fdb2573b48a7ea418a8bb86f68f3e665995a8740d6de10a49290770cb1c06
d7,d7_r4_sequence_0041,val,train,images/val/d7/d7_0002045_jpg.rf.9954f7deb386f6e8df553d4b04203cf5_957590cc51.jpg,images/train/d7/d7_0002045_jpg.rf.9954f7deb386f6e8df553d4b04203cf5_957590cc51.jpg,labels/val/d7/d7_0002045_jpg.rf.9954f7deb386f6e8df553d4b04203cf5_957590cc51.txt,labels/train/d7/d7_0002045_jpg.rf.9954f7deb386f6e8df553d4b04203cf5_957590cc51.txt,eff4131e2781ea2cf7777a838e098c5fde0948d6e4295cd8530cfdb6e1625ade,7a65016c7168b677a4bd1ffe60b890ba606366d8033d0730c75e2f94bfbef374
d7,d7_r4_sequence_0042,train,val,images/train/d7/d7_0002622_jpg.rf.5f280290807296e9d7c0552e84fef80a_3f5973470e.jpg,images/val/d7/d7_0002622_jpg.rf.5f280290807296e9d7c0552e84fef80a_3f5973470e.jpg,labels/train/d7/d7_0002622_jpg.rf.5f280290807296e9d7c0552e84fef80a_3f5973470e.txt,labels/val/d7/d7_0002622_jpg.rf.5f280290807296e9d7c0552e84fef80a_3f5973470e.txt,704b910add3f1dfd806690b81b46c618b3834a2ea7847dcee30d8c1e30014cbc,bbf3fbff12e4d6947acc3e04fd85d99f6c7dd8e53c3f72bb8d3737148c16edad
d7,d7_r4_sequence_0043,val,train,images/val/d7/d7_0000420_jpg.rf.e22acdd9c1a69ad4952bda435f5cfdb4_a5aa6cac4a.jpg,images/train/d7/d7_0000420_jpg.rf.e22acdd9c1a69ad4952bda435f5cfdb4_a5aa6cac4a.jpg,labels/val/d7/d7_0000420_jpg.rf.e22acdd9c1a69ad4952bda435f5cfdb4_a5aa6cac4a.txt,labels/train/d7/d7_0000420_jpg.rf.e22acdd9c1a69ad4952bda435f5cfdb4_a5aa6cac4a.txt,e75ddf322555033e9ceb0ece387ebbea6a8ef75a29a0001cffab7ed06bd54fae,b0c201505752953d05360fd6fefe4b70b03e3ddd541349a4b557fb5b26912f13
d7,d7_r4_sequence_0044,train,val,images/train/d7/d7_0002717_jpg.rf.fe9efafdd280e4e0e3946cc611178b2d_3a3e6c2cfa.jpg,images/val/d7/d7_0002717_jpg.rf.fe9efafdd280e4e0e3946cc611178b2d_3a3e6c2cfa.jpg,labels/train/d7/d7_0002717_jpg.rf.fe9efafdd280e4e0e3946cc611178b2d_3a3e6c2cfa.txt,labels/val/d7/d7_0002717_jpg.rf.fe9efafdd280e4e0e3946cc611178b2d_3a3e6c2cfa.txt,061a12e64d2d5baaf5b3d6580f50c6a82448de2219301f9c4bc30fe23c6ff3e2,331aaa3b2aa56fbcc17019d20bffd3143659e8fabb2a745da44382a2a433a96f
d7,d7_r4_sequence_0045,val,train,images/val/d7/d7_0003154_jpg.rf.939b4236cdfc091948b0e131dcf393aa_ed594e7982.jpg,images/train/d7/d7_0003154_jpg.rf.939b4236cdfc091948b0e131dcf393aa_ed594e7982.jpg,labels/val/d7/d7_0003154_jpg.rf.939b4236cdfc091948b0e131dcf393aa_ed594e7982.txt,labels/train/d7/d7_0003154_jpg.rf.939b4236cdfc091948b0e131dcf393aa_ed594e7982.txt,74155c927780938212c138caca7ce6e69382f1f65bba629e9551b05dc243e2c7,815a6835a38491782b973c786d4e269b78dad0d80579f77c6da5b0724f4faa0d
d7,d7_r4_sequence_0046,train,val,images/train/d7/d7_0002868_jpg.rf.9ca8d9174690ba9955e647a75aaa4676_483f390d3b.jpg,images/val/d7/d7_0002868_jpg.rf.9ca8d9174690ba9955e647a75aaa4676_483f390d3b.jpg,labels/train/d7/d7_0002868_jpg.rf.9ca8d9174690ba9955e647a75aaa4676_483f390d3b.txt,labels/val/d7/d7_0002868_jpg.rf.9ca8d9174690ba9955e647a75aaa4676_483f390d3b.txt,23a2ae190ecd7042e0caffc0f4efa5ce62a5281f780a517877dc2b024064518b,7a1e310ceaa9d7d88d6394cfa099e6ecc3d789a72d12ce7ee47c1a8bd5fd0f0b
d7,d7_r4_sequence_0047,val,train,images/val/d7/d7_0006318_jpg.rf.a879309ed98fc7144a3470d4d653ab6b_b916ec36f0.jpg,images/train/d7/d7_0006318_jpg.rf.a879309ed98fc7144a3470d4d653ab6b_b916ec36f0.jpg,labels/val/d7/d7_0006318_jpg.rf.a879309ed98fc7144a3470d4d653ab6b_b916ec36f0.txt,labels/train/d7/d7_0006318_jpg.rf.a879309ed98fc7144a3470d4d653ab6b_b916ec36f0.txt,167ffcb4970594f05116015e26d031e873a7c9a486b86fcb2e2e64a2c3b90480,a2288662cce6b0a20736dcb7a28bb56f6dc77023072585e2ac4cf3ea59b84a11
d7,d7_r4_sequence_0048,train,val,images/train/d7/d7_0003248_jpg.rf.7d257df80e0fd1960130465ec6a9cd31_80f97f8eb6.jpg,images/val/d7/d7_0003248_jpg.rf.7d257df80e0fd1960130465ec6a9cd31_80f97f8eb6.jpg,labels/train/d7/d7_0003248_jpg.rf.7d257df80e0fd1960130465ec6a9cd31_80f97f8eb6.txt,labels/val/d7/d7_0003248_jpg.rf.7d257df80e0fd1960130465ec6a9cd31_80f97f8eb6.txt,d1914f8a22fd7bb78db8e62f7fc28920aa2748765b8bbb6527aea9edea8b5fe3,a1183a7d097494666cc0c1e65c8e90737c8ab39ae7888fca60380c475c1223f0
d7,d7_r4_sequence_0049,train,val,images/train/d7/d7_0003515_jpg.rf.5b05c9a5dec77df09217c35e2c1c35ae_4bd47b10ed.jpg,images/val/d7/d7_0003515_jpg.rf.5b05c9a5dec77df09217c35e2c1c35ae_4bd47b10ed.jpg,labels/train/d7/d7_0003515_jpg.rf.5b05c9a5dec77df09217c35e2c1c35ae_4bd47b10ed.txt,labels/val/d7/d7_0003515_jpg.rf.5b05c9a5dec77df09217c35e2c1c35ae_4bd47b10ed.txt,697bedcd1c9cdada48d45d38c6d7ca35e6c7d1d98ff28d925e8ccba35d68703a,b2a7f92e843c4271e7ff7c77fae6ce0a62621853904abfae33e8f2dbb1f3f6df
d7,d7_r4_sequence_0050,train,val,images/train/d7/d7_0003743_jpg.rf.8c74cfaeb2c1c108ddadd4db50f5b445_e086d8431c.jpg,images/val/d7/d7_0003743_jpg.rf.8c74cfaeb2c1c108ddadd4db50f5b445_e086d8431c.jpg,labels/train/d7/d7_0003743_jpg.rf.8c74cfaeb2c1c108ddadd4db50f5b445_e086d8431c.txt,labels/val/d7/d7_0003743_jpg.rf.8c74cfaeb2c1c108ddadd4db50f5b445_e086d8431c.txt,93d3173eb6e53dbe9ab11678ecb0913264a438e717bb171a7787603f869ee41f,b12e1d7a175303dbf20ff7b179a3ed26ccd72920a4eddb5d52e37d90ad1ac717
d7,d7_r4_sequence_0051,val,train,images/val/d7/d7_0005502_jpg.rf.b73260232e1a5690ff6f2e188e05de70_b537a94780.jpg,images/train/d7/d7_0005502_jpg.rf.b73260232e1a5690ff6f2e188e05de70_b537a94780.jpg,labels/val/d7/d7_0005502_jpg.rf.b73260232e1a5690ff6f2e188e05de70_b537a94780.txt,labels/train/d7/d7_0005502_jpg.rf.b73260232e1a5690ff6f2e188e05de70_b537a94780.txt,bba80babea55b8ba90295fe68057adf9bfe0b479ab0f26e6c20dd87bbcc0f7db,e74772471bf60c25901965148a068307c3c3915f100fce812fb4a360eed94945
d7,d7_r4_sequence_0052,val,train,images/val/d7/d7_0004186_jpg.rf.648e1c61d9e10fd8046aacaa9ee4558c_aaa897bb67.jpg,images/train/d7/d7_0004186_jpg.rf.648e1c61d9e10fd8046aacaa9ee4558c_aaa897bb67.jpg,labels/val/d7/d7_0004186_jpg.rf.648e1c61d9e10fd8046aacaa9ee4558c_aaa897bb67.txt,labels/train/d7/d7_0004186_jpg.rf.648e1c61d9e10fd8046aacaa9ee4558c_aaa897bb67.txt,d88709171cdd797e06deedfb054caeaff14f7fc234453d0966fd403b72456c16,f272ef5f32143e0c26a41cbf947a41311f1d829f883a1f1fe0e2b4cbdf8136c1
d7,d7_r4_sequence_0053,val,train,images/val/d7/d7_0003516_jpg.rf.668825c8c427d925f4e480473535fb8d_d106a932bb.jpg,images/train/d7/d7_0003516_jpg.rf.668825c8c427d925f4e480473535fb8d_d106a932bb.jpg,labels/val/d7/d7_0003516_jpg.rf.668825c8c427d925f4e480473535fb8d_d106a932bb.txt,labels/train/d7/d7_0003516_jpg.rf.668825c8c427d925f4e480473535fb8d_d106a932bb.txt,43fd703408168e9a874019fb2e061f5b60ed659f34f7ee744ea78b16774e53fb,620ffb9abe8787e12b74b9ba6c1a545b574d2e5e9c77bc6ddf9b335d7f3ff0d7
d7,d7_r4_sequence_0054,val,train,images/val/d7/d7_0001936_jpg.rf.782e2a4644331779762da9d62519510c_d3df3611cf.jpg,images/train/d7/d7_0001936_jpg.rf.782e2a4644331779762da9d62519510c_d3df3611cf.jpg,labels/val/d7/d7_0001936_jpg.rf.782e2a4644331779762da9d62519510c_d3df3611cf.txt,labels/train/d7/d7_0001936_jpg.rf.782e2a4644331779762da9d62519510c_d3df3611cf.txt,3d2b802af7998c3bd3eb08a0e34bfd79eee83e27ae37b6015ed4d95cfa3415a0,835e3af9bf49fb2b20d7be65ce2406e5303e068b5f5943b92804ef93c40f7e55
d7,d7_r4_sequence_0055,train,val,images/train/d7/d7_0004443_jpg.rf.518aa38af2e5c40f9fa885f30226ef25_de5e8ca8f4.jpg,images/val/d7/d7_0004443_jpg.rf.518aa38af2e5c40f9fa885f30226ef25_de5e8ca8f4.jpg,labels/train/d7/d7_0004443_jpg.rf.518aa38af2e5c40f9fa885f30226ef25_de5e8ca8f4.txt,labels/val/d7/d7_0004443_jpg.rf.518aa38af2e5c40f9fa885f30226ef25_de5e8ca8f4.txt,0caae6618423fada965503d508ab680dacebe6d9b29db05d3299032c7edd0d1b,abc5d2011599f1eebe869fcc0ba6fdda0c50b8f51426f881f88732f12850d8d6
d7,d7_r4_sequence_0056,train,val,images/train/d7/d7_0004470_jpg.rf.80e42bc40169651631bf183668d311b4_11879706fe.jpg,images/val/d7/d7_0004470_jpg.rf.80e42bc40169651631bf183668d311b4_11879706fe.jpg,labels/train/d7/d7_0004470_jpg.rf.80e42bc40169651631bf183668d311b4_11879706fe.txt,labels/val/d7/d7_0004470_jpg.rf.80e42bc40169651631bf183668d311b4_11879706fe.txt,d468bfa3dce4513a5db65fa9ed224ef39730893ccb444aa6d23e5e6789962712,0c63a10b1e4aa9d680292c906b14f41d9f6a3e474c21a852522ab9a0aa6c24c2
d7,d7_r4_sequence_0057,val,train,images/val/d7/d7_0003686_jpg.rf.66ffc9372764f7c51c274898aed4d241_0da0bdb573.jpg,images/train/d7/d7_0003686_jpg.rf.66ffc9372764f7c51c274898aed4d241_0da0bdb573.jpg,labels/val/d7/d7_0003686_jpg.rf.66ffc9372764f7c51c274898aed4d241_0da0bdb573.txt,labels/train/d7/d7_0003686_jpg.rf.66ffc9372764f7c51c274898aed4d241_0da0bdb573.txt,281c9ad5071184a8f1a106c86f9e8be97b0dba163fece43ca149a5cdd109c48b,cef6c38ab79b496e38466f58e3d7a587da4bd16093997d3117d88f5380f8b451
d7,d7_r4_sequence_0058,val,train,images/val/d7/d7_0000186_jpg.rf.76adfe42f46bb3f0c3ff3503e82981ab_5bb15c392c.jpg,images/train/d7/d7_0000186_jpg.rf.76adfe42f46bb3f0c3ff3503e82981ab_5bb15c392c.jpg,labels/val/d7/d7_0000186_jpg.rf.76adfe42f46bb3f0c3ff3503e82981ab_5bb15c392c.txt,labels/train/d7/d7_0000186_jpg.rf.76adfe42f46bb3f0c3ff3503e82981ab_5bb15c392c.txt,46f023bbd3e71fda7deda295e0e138db012b5423e83cba81e84cd05f60cfd40a,e5df9157455de75614373bb057077d45ba9c5eaa07293333aea3b5e6e3540fd6
d7,d7_r4_sequence_0059,val,train,images/val/d7/d7_0003945_jpg.rf.c9b1b0c650de9f88ea94ba298ce94e5b_84491852f9.jpg,images/train/d7/d7_0003945_jpg.rf.c9b1b0c650de9f88ea94ba298ce94e5b_84491852f9.jpg,labels/val/d7/d7_0003945_jpg.rf.c9b1b0c650de9f88ea94ba298ce94e5b_84491852f9.txt,labels/train/d7/d7_0003945_jpg.rf.c9b1b0c650de9f88ea94ba298ce94e5b_84491852f9.txt,48b0c398d1018d942019b13aab164946be0172af67ba71f1d4144767df75bb9e,c874c6c2c20295de3db33bcfbd9ff1dcb1244ff9e87f489f6474f12caad26546
d7,d7_r4_sequence_0060,train,val,images/train/d7/d7_0004973_jpg.rf.ac0ec15467c2051eeb8a67c507190809_aa9d3389c8.jpg,images/val/d7/d7_0004973_jpg.rf.ac0ec15467c2051eeb8a67c507190809_aa9d3389c8.jpg,labels/train/d7/d7_0004973_jpg.rf.ac0ec15467c2051eeb8a67c507190809_aa9d3389c8.txt,labels/val/d7/d7_0004973_jpg.rf.ac0ec15467c2051eeb8a67c507190809_aa9d3389c8.txt,b03d89e57cc50d2a69337e80ed99d7ccc6fa807d5e868097f8f6a4ef28fe975e,45995620b68182f9a80d4ebffa38db39d8262731dc7513755501cf64919df190
d7,d7_r4_sequence_0060,train,val,images/train/d7/d7_0005233_jpg.rf.a08827c777418304e29a9ba3faa37aec_9ff9eae8bb.jpg,images/val/d7/d7_0005233_jpg.rf.a08827c777418304e29a9ba3faa37aec_9ff9eae8bb.jpg,labels/train/d7/d7_0005233_jpg.rf.a08827c777418304e29a9ba3faa37aec_9ff9eae8bb.txt,labels/val/d7/d7_0005233_jpg.rf.a08827c777418304e29a9ba3faa37aec_9ff9eae8bb.txt,2c963f6e7ba2336e516e406a75638d4dfb2c67f88e88e192681f999d7013654e,ab40d400983a675f5ef089f8b5b33404e05ac76c7c0f97a36381eb7f4cf33542
d7,d7_r4_sequence_0061,val,train,images/val/d7/d7_0002735_jpg.rf.a9a92119b76eb45446f5f7079b0fbf9d_50e5c06867.jpg,images/train/d7/d7_0002735_jpg.rf.a9a92119b76eb45446f5f7079b0fbf9d_50e5c06867.jpg,labels/val/d7/d7_0002735_jpg.rf.a9a92119b76eb45446f5f7079b0fbf9d_50e5c06867.txt,labels/train/d7/d7_0002735_jpg.rf.a9a92119b76eb45446f5f7079b0fbf9d_50e5c06867.txt,37409e106e4b51841abec280b2ff0ebb78d0aac7c1edc96de281cda1778d0bde,c0fbef9c10f43103b060bec160a5f9829d0bea81553aceaac6d12cafd6e97443
d7,d7_r4_sequence_0062,train,val,images/train/d7/d7_0005100_jpg.rf.b52a64628591055f81f81a4568537a29_6a8bb18fc4.jpg,images/val/d7/d7_0005100_jpg.rf.b52a64628591055f81f81a4568537a29_6a8bb18fc4.jpg,labels/train/d7/d7_0005100_jpg.rf.b52a64628591055f81f81a4568537a29_6a8bb18fc4.txt,labels/val/d7/d7_0005100_jpg.rf.b52a64628591055f81f81a4568537a29_6a8bb18fc4.txt,c42a42b781accebee85c8c6cc53e19d2106c20c5895c17b84ef4116c4697ee62,b2e9f6556516aa23292b5953ca570f62cdcf6d3173cae9715bc8d6e8518f99e4
d7,d7_r4_sequence_0063,val,train,images/val/d7/d7_0003444_jpg.rf.0d53073965e07bc7cb2db94366e03d28_07894a2745.jpg,images/train/d7/d7_0003444_jpg.rf.0d53073965e07bc7cb2db94366e03d28_07894a2745.jpg,labels/val/d7/d7_0003444_jpg.rf.0d53073965e07bc7cb2db94366e03d28_07894a2745.txt,labels/train/d7/d7_0003444_jpg.rf.0d53073965e07bc7cb2db94366e03d28_07894a2745.txt,3623bf53a1213701c76764ffdeaf76bdf0b94ce06f32285b65d5a20f49ab0b19,2cf9f737675e36e683391e7c9192fb56d6099fec16943eed280e5550c2907bb3
d7,d7_r4_sequence_0064,train,val,images/train/d7/d7_0005213_jpg.rf.1454eda0fa42e357c5a1295ec2ecc9af_15a8570f41.jpg,images/val/d7/d7_0005213_jpg.rf.1454eda0fa42e357c5a1295ec2ecc9af_15a8570f41.jpg,labels/train/d7/d7_0005213_jpg.rf.1454eda0fa42e357c5a1295ec2ecc9af_15a8570f41.txt,labels/val/d7/d7_0005213_jpg.rf.1454eda0fa42e357c5a1295ec2ecc9af_15a8570f41.txt,1d91ceafd91de1e149526e79c0377b8ddf839b780fdbf8fcfd7f749e3260ff6a,8f6e9d1d499d0871951439867d5ebd486e9e9ef6df860f2b91798d9c4d2e0832
d7,d7_r4_sequence_0065,train,val,images/train/d7/d7_0005395_jpg.rf.7615ec0e410ec4364e2dfa2c727e6515_f8637f9ba6.jpg,images/val/d7/d7_0005395_jpg.rf.7615ec0e410ec4364e2dfa2c727e6515_f8637f9ba6.jpg,labels/train/d7/d7_0005395_jpg.rf.7615ec0e410ec4364e2dfa2c727e6515_f8637f9ba6.txt,labels/val/d7/d7_0005395_jpg.rf.7615ec0e410ec4364e2dfa2c727e6515_f8637f9ba6.txt,9941fc362326e0853256e0e7c1f9132e6613200fc7b54b6a145a8d0117060294,06135a85e9a10e983a218a40f736fd7f824e94ed39d2396d38ad86685b927a62
