source,group_id,group_type,n_images,before_train,before_val,before_test,destination_split,n_images_moved,status
d6,d6_r4_asset_0001,duplicate_asset_cluster,3,1,0,2,test,1,planned_high_confidence_group_remediation
d6,d6_r4_asset_0002,duplicate_asset_cluster,2,0,1,1,test,1,planned_high_confidence_group_remediation
d6,d6_r4_asset_0003,duplicate_asset_cluster,3,2,0,1,train,1,planned_high_confidence_group_remediation
d6,d6_r4_asset_0004,duplicate_asset_cluster,2,1,0,1,test,1,planned_high_confidence_group_remediation
d6,d6_r4_asset_0005,duplicate_asset_cluster,3,2,0,1,train,1,planned_high_confidence_group_remediation
d6,d6_r4_asset_0006,duplicate_asset_cluster,2,1,0,1,test,1,planned_high_confidence_group_remediation
d6,d6_r4_asset_0007,duplicate_asset_cluster,4,3,0,1,train,1,planned_high_confidence_group_remediation
d6,d6_r4_asset_0008,duplicate_asset_cluster,4,3,0,1,train,1,planned_high_confidence_group_remediation
d6,d6_r4_asset_0009,duplicate_asset_cluster,2,0,1,1,test,1,planned_high_confidence_group_remediation
d6,d6_r4_asset_0010,duplicate_asset_cluster,3,1,1,1,train,2,planned_high_confidence_group_remediation
d6,d6_r4_asset_0011,duplicate_asset_cluster,2,1,0,1,train,1,planned_high_confidence_group_remediation
d6,d6_r4_asset_0012,duplicate_asset_cluster,2,0,1,1,test,1,planned_high_confidence_group_remediation
d6,d6_r4_asset_0013,duplicate_asset_cluster,2,1,0,1,train,1,planned_high_confidence_group_remediation
d6,d6_r4_asset_0014,duplicate_asset_cluster,2,1,0,1,test,1,planned_high_confidence_group_remediation
d6,d6_r4_asset_0015,duplicate_asset_cluster,2,0,1,1,test,1,planned_high_confidence_group_remediation
d6,d6_r4_asset_0016,duplicate_asset_cluster,2,0,1,1,test,1,planned_high_confidence_group_remediation
d6,d6_r4_asset_0017,duplicate_asset_cluster,2,1,0,1,test,1,planned_high_confidence_group_remediation
d6,d6_r4_asset_0018,duplicate_asset_cluster,2,1,0,1,train,1,planned_high_confidence_group_remediation
d6,d6_r4_asset_0019,duplicate_asset_cluster,2,1,0,1,test,1,planned_high_confidence_group_remediation
d6,d6_r4_asset_0020,duplicate_asset_cluster,2,1,0,1,test,1,planned_high_confidence_group_remediation
d6,d6_r4_asset_0021,duplicate_asset_cluster,2,1,0,1,train,1,planned_high_confidence_group_remediation
d6,d6_r4_asset_0022,duplicate_asset_cluster,4,2,1,1,train,2,planned_high_confidence_group_remediation
d6,d6_r4_asset_0023,duplicate_asset_cluster,2,1,0,1,train,1,planned_high_confidence_group_remediation
d6,d6_r4_asset_0024,duplicate_asset_cluster,2,1,0,1,train,1,planned_high_confidence_group_remediation
d6,d6_r4_asset_0025,duplicate_asset_cluster,2,1,0,1,test,1,planned_high_confidence_group_remediation
d6,d6_r4_asset_0026,duplicate_asset_cluster,2,1,0,1,test,1,planned_high_confidence_group_remediation
d6,d6_r4_asset_0027,duplicate_asset_cluster,2,1,0,1,test,1,planned_high_confidence_group_remediation
d6,d6_r4_asset_0028,duplicate_asset_cluster,2,0,1,1,test,1,planned_high_confidence_group_remediation
d6,d6_r4_asset_0029,duplicate_asset_cluster,2,1,0,1,train,1,planned_high_confidence_group_remediation
d6,d6_r4_asset_0030,duplicate_asset_cluster,2,1,0,1,train,1,planned_high_confidence_group_remediation
d6,d6_r4_asset_0031,duplicate_asset_cluster,2,1,0,1,train,1,planned_high_confidence_group_remediation
d6,d6_r4_asset_0032,duplicate_asset_cluster,2,1,0,1,train,1,planned_high_confidence_group_remediation
d6,d6_r4_asset_0033,duplicate_asset_cluster,2,1,1,0,val,1,planned_high_confidence_group_remediation
d6,d6_r4_asset_0034,duplicate_asset_cluster,3,1,2,0,val,1,planned_high_confidence_group_remediation
d6,d6_r4_asset_0035,duplicate_asset_cluster,2,1,1,0,val,1,planned_high_confidence_group_remediation
d6,d6_r4_asset_0036,duplicate_asset_cluster,2,1,1,0,val,1,planned_high_confidence_group_remediation
d6,d6_r4_asset_0037,duplicate_asset_cluster,4,2,2,0,val,2,planned_high_confidence_group_remediation
d6,d6_r4_asset_0038,duplicate_asset_cluster,2,1,1,0,train,1,planned_high_confidence_group_remediation
d6,d6_r4_asset_0039,duplicate_asset_cluster,2,1,1,0,val,1,planned_high_confidence_group_remediation
d6,d6_r4_asset_0040,duplicate_asset_cluster,2,1,1,0,train,1,planned_high_confidence_group_remediation
d6,d6_r4_asset_0041,duplicate_asset_cluster,3,1,2,0,val,1,planned_high_confidence_group_remediation
d6,d6_r4_asset_0042,duplicate_asset_cluster,2,1,1,0,train,1,planned_high_confidence_group_remediation
d6,d6_r4_asset_0043,duplicate_asset_cluster,2,1,1,0,train,1,planned_high_confidence_group_remediation
d6,d6_r4_asset_0044,duplicate_asset_cluster,2,1,1,0,train,1,planned_high_confidence_group_remediation
d6,d6_r4_asset_0045,duplicate_asset_cluster,2,1,1,0,train,1,planned_high_confidence_group_remediation
d6,d6_r4_asset_0046,duplicate_asset_cluster,2,1,1,0,train,1,planned_high_confidence_group_remediation
d6,d6_r4_asset_0047,duplicate_asset_cluster,2,1,1,0,val,1,planned_high_confidence_group_remediation
d6,d6_r4_asset_0048,duplicate_asset_cluster,2,1,1,0,train,1,planned_high_confidence_group_remediation
d6,d6_r4_asset_0049,duplicate_asset_cluster,2,1,1,0,train,1,planned_high_confidence_group_remediation
d6,d6_r4_asset_0050,duplicate_asset_cluster,2,1,1,0,val,1,planned_high_confidence_group_remediation
d6,d6_r4_asset_0051,duplicate_asset_cluster,2,1,1,0,train,1,planned_high_confidence_group_remediation
d6,d6_r4_asset_0052,duplicate_asset_cluster,2,1,1,0,train,1,planned_high_confidence_group_remediation
d6,d6_r4_asset_0053,duplicate_asset_cluster,2,1,1,0,val,1,planned_high_confidence_group_remediation
d6,d6_r4_asset_0054,duplicate_asset_cluster,2,1,1,0,train,1,planned_high_confidence_group_remediation
d6,d6_r4_asset_0055,duplicate_asset_cluster,2,1,1,0,val,1,planned_high_confidence_group_remediation
d6,d6_r4_asset_0056,duplicate_asset_cluster,2,1,1,0,val,1,planned_high_confidence_group_remediation
d6,d6_r4_asset_0057,duplicate_asset_cluster,2,1,1,0,val,1,planned_high_confidence_group_remediation
d6,d6_r4_asset_0058,duplicate_asset_cluster,2,1,1,0,val,1,planned_high_confidence_group_remediation
d6,d6_r4_asset_0059,duplicate_asset_cluster,2,1,1,0,val,1,planned_high_confidence_group_remediation
d6,d6_r4_asset_0060,duplicate_asset_cluster,2,1,1,0,val,1,planned_high_confidence_group_remediation
d6,d6_r4_asset_0061,duplicate_asset_cluster,2,1,1,0,val,1,planned_high_confidence_group_remediation
d6,d6_r4_asset_0062,duplicate_asset_cluster,2,1,1,0,val,1,planned_high_confidence_group_remediation
d6,d6_r4_asset_0063,duplicate_asset_cluster,2,1,1,0,val,1,planned_high_confidence_group_remediation
d6,d6_r4_asset_0064,duplicate_asset_cluster,2,1,1,0,train,1,planned_high_confidence_group_remediation
d6,d6_r4_asset_0065,duplicate_asset_cluster,2,1,1,0,val,1,planned_high_confidence_group_remediation
d6,d6_r4_asset_0066,duplicate_asset_cluster,2,1,1,0,val,1,planned_high_confidence_group_remediation
d6,d6_r4_asset_0067,duplicate_asset_cluster,2,1,1,0,train,1,planned_high_confidence_group_remediation
d6,d6_r4_asset_0068,duplicate_asset_cluster,2,1,1,0,val,1,planned_high_confidence_group_remediation
d6,d6_r4_asset_0069,duplicate_asset_cluster,2,1,1,0,val,1,planned_high_confidence_group_remediation
d6,d6_r4_asset_0070,duplicate_asset_cluster,2,1,1,0,train,1,planned_high_confidence_group_remediation
d6,d6_r4_asset_0071,duplicate_asset_cluster,2,1,1,0,val,1,planned_high_confidence_group_remediation
d6,d6_r4_asset_0072,duplicate_asset_cluster,2,1,1,0,val,1,planned_high_confidence_group_remediation
d6,d6_r4_asset_0073,duplicate_asset_cluster,3,1,2,0,val,1,planned_high_confidence_group_remediation
d6,d6_r4_asset_0074,duplicate_asset_cluster,2,1,1,0,val,1,planned_high_confidence_group_remediation
d6,d6_r4_asset_0075,duplicate_asset_cluster,2,1,1,0,val,1,planned_high_confidence_group_remediation
d6,d6_r4_asset_0076,duplicate_asset_cluster,2,1,1,0,train,1,planned_high_confidence_group_remediation
d6,d6_r4_asset_0077,duplicate_asset_cluster,2,1,1,0,val,1,planned_high_confidence_group_remediation
d6,d6_r4_asset_0078,duplicate_asset_cluster,2,1,1,0,train,1,planned_high_confidence_group_remediation
d6,d6_r4_asset_0079,duplicate_asset_cluster,2,1,1,0,train,1,planned_high_confidence_group_remediation
d6,d6_r4_asset_0080,duplicate_asset_cluster,2,1,1,0,train,1,planned_high_confidence_group_remediation
d6,d6_r4_asset_0081,duplicate_asset_cluster,2,1,1,0,train,1,planned_high_confidence_group_remediation
d6,d6_r4_asset_0082,duplicate_asset_cluster,2,1,1,0,train,1,planned_high_confidence_group_remediation
d6,d6_r4_asset_0083,duplicate_asset_cluster,2,1,1,0,val,1,planned_high_confidence_group_remediation
d6,d6_r4_asset_0084,duplicate_asset_cluster,2,1,1,0,train,1,planned_high_confidence_group_remediation
d7,d7_r4_sequence_0001,suspected_video_sequence,2,1,0,1,test,1,planned_high_confidence_group_remediation
d7,d7_r4_sequence_0002,suspected_video_sequence,2,1,0,1,test,1,planned_high_confidence_group_remediation
d7,d7_r4_sequence_0003,suspected_video_sequence,2,1,0,1,test,1,planned_high_confidence_group_remediation
d7,d7_r4_sequence_0004,suspected_video_sequence,2,1,0,1,test,1,planned_high_confidence_group_remediation
d7,d7_r4_sequence_0005,suspected_video_sequence,2,0,1,1,val,1,planned_high_confidence_group_remediation
d7,d7_r4_sequence_0006,suspected_video_sequence,2,1,0,1,test,1,planned_high_confidence_group_remediation
d7,d7_r4_sequence_0007,suspected_video_sequence,2,1,0,1,test,1,planned_high_confidence_group_remediation
d7,d7_r4_sequence_0008,suspected_video_sequence,2,1,0,1,train,1,planned_high_confidence_group_remediation
d7,d7_r4_sequence_0009,suspected_video_sequence,2,1,0,1,train,1,planned_high_confidence_group_remediation
d7,d7_r4_sequence_0010,suspected_video_sequence,4,1,1,2,test,2,planned_high_confidence_group_remediation
d7,d7_r4_sequence_0011,suspected_video_sequence,8,4,3,1,train,4,planned_high_confidence_group_remediation
d7,d7_r4_sequence_0012,suspected_video_sequence,4,2,0,2,test,2,planned_high_confidence_group_remediation
d7,d7_r4_sequence_0013,suspected_video_sequence,2,1,0,1,train,1,planned_high_confidence_group_remediation
d7,d7_r4_sequence_0014,suspected_video_sequence,2,1,0,1,train,1,planned_high_confidence_group_remediation
d7,d7_r4_sequence_0015,suspected_video_sequence,3,2,0,1,train,1,planned_high_confidence_group_remediation
d7,d7_r4_sequence_0016,suspected_video_sequence,2,1,0,1,test,1,planned_high_confidence_group_remediation
d7,d7_r4_sequence_0017,suspected_video_sequence,4,2,1,1,train,2,planned_high_confidence_group_remediation
d7,d7_r4_sequence_0018,suspected_video_sequence,5,3,1,1,train,2,planned_high_confidence_group_remediation
d7,d7_r4_sequence_0019,suspected_video_sequence,2,1,0,1,train,1,planned_high_confidence_group_remediation
d7,d7_r4_sequence_0020,suspected_video_sequence,3,1,0,2,test,1,planned_high_confidence_group_remediation
d7,d7_r4_sequence_0021,suspected_video_sequence,2,0,1,1,val,1,planned_high_confidence_group_remediation
d7,d7_r4_sequence_0022,suspected_video_sequence,2,0,1,1,val,1,planned_high_confidence_group_remediation
d7,d7_r4_sequence_0023,suspected_video_sequence,3,1,1,1,val,2,planned_high_confidence_group_remediation
d7,d7_r4_sequence_0024,suspected_video_sequence,2,1,0,1,test,1,planned_high_confidence_group_remediation
d7,d7_r4_sequence_0025,suspected_video_sequence,2,1,0,1,train,1,planned_high_confidence_group_remediation
d7,d7_r4_sequence_0026,suspected_video_sequence,2,0,1,1,val,1,planned_high_confidence_group_remediation
d7,d7_r4_sequence_0027,suspected_video_sequence,2,0,1,1,test,1,planned_high_confidence_group_remediation
d7,d7_r4_sequence_0028,suspected_video_sequence,3,1,1,1,val,2,planned_high_confidence_group_remediation
d7,d7_r4_sequence_0029,suspected_video_sequence,3,1,1,1,test,2,planned_high_confidence_group_remediation
d7,d7_r4_sequence_0030,suspected_video_sequence,3,1,2,0,val,1,planned_high_confidence_group_remediation
d7,d7_r4_sequence_0031,suspected_video_sequence,2,1,1,0,val,1,planned_high_confidence_group_remediation
d7,d7_r4_sequence_0032,suspected_video_sequence,2,1,1,0,val,1,planned_high_confidence_group_remediation
d7,d7_r4_sequence_0033,suspected_video_sequence,3,1,2,0,val,1,planned_high_confidence_group_remediation
d7,d7_r4_sequence_0034,suspected_video_sequence,2,1,1,0,train,1,planned_high_confidence_group_remediation
d7,d7_r4_sequence_0035,suspected_video_sequence,2,1,1,0,train,1,planned_high_confidence_group_remediation
d7,d7_r4_sequence_0036,suspected_video_sequence,2,1,1,0,train,1,planned_high_confidence_group_remediation
d7,d7_r4_sequence_0037,suspected_video_sequence,2,1,1,0,train,1,planned_high_confidence_group_remediation
d7,d7_r4_sequence_0038,suspected_video_sequence,2,1,1,0,train,1,planned_high_confidence_group_remediation
d7,d7_r4_sequence_0039,suspected_video_sequence,2,1,1,0,val,1,planned_high_confidence_group_remediation
d7,d7_r4_sequence_0040,suspected_video_sequence,2,1,1,0,train,1,planned_high_confidence_group_remediation
d7,d7_r4_sequence_0041,suspected_video_sequence,2,1,1,0,train,1,planned_high_confidence_group_remediation
d7,d7_r4_sequence_0042,suspected_video_sequence,2,1,1,0,val,1,planned_high_confidence_group_remediation
d7,d7_r4_sequence_0043,suspected_video_sequence,3,2,1,0,train,1,planned_high_confidence_group_remediation
d7,d7_r4_sequence_0044,suspected_video_sequence,2,1,1,0,val,1,planned_high_confidence_group_remediation
d7,d7_r4_sequence_0045,suspected_video_sequence,2,1,1,0,train,1,planned_high_confidence_group_remediation
d7,d7_r4_sequence_0046,suspected_video_sequence,3,1,2,0,val,1,planned_high_confidence_group_remediation
d7,d7_r4_sequence_0047,suspected_video_sequence,2,1,1,0,train,1,planned_high_confidence_group_remediation
d7,d7_r4_sequence_0048,suspected_video_sequence,2,1,1,0,val,1,planned_high_confidence_group_remediation
d7,d7_r4_sequence_0049,suspected_video_sequence,2,1,1,0,val,1,planned_high_confidence_group_remediation
d7,d7_r4_sequence_0050,suspected_video_sequence,2,1,1,0,val,1,planned_high_confidence_group_remediation
d7,d7_r4_sequence_0051,suspected_video_sequence,2,1,1,0,train,1,planned_high_confidence_group_remediation
d7,d7_r4_sequence_0052,suspected_video_sequence,2,1,1,0,train,1,planned_high_confidence_group_remediation
d7,d7_r4_sequence_0053,suspected_video_sequence,2,1,1,0,train,1,planned_high_confidence_group_remediation
d7,d7_r4_sequence_0054,suspected_video_sequence,2,1,1,0,train,1,planned_high_confidence_group_remediation
d7,d7_r4_sequence_0055,suspected_video_sequence,2,1,1,0,val,1,planned_high_confidence_group_remediation
d7,d7_r4_sequence_0056,suspected_video_sequence,2,1,1,0,val,1,planned_high_confidence_group_remediation
d7,d7_r4_sequence_0057,suspected_video_sequence,2,1,1,0,train,1,planned_high_confidence_group_remediation
d7,d7_r4_sequence_0058,suspected_video_sequence,3,2,1,0,train,1,planned_high_confidence_group_remediation
d7,d7_r4_sequence_0059,suspected_video_sequence,2,1,1,0,train,1,planned_high_confidence_group_remediation
d7,d7_r4_sequence_0060,suspected_video_sequence,4,2,2,0,val,2,planned_high_confidence_group_remediation
d7,d7_r4_sequence_0061,suspected_video_sequence,2,1,1,0,train,1,planned_high_confidence_group_remediation
d7,d7_r4_sequence_0062,suspected_video_sequence,3,1,2,0,val,1,planned_high_confidence_group_remediation
d7,d7_r4_sequence_0063,suspected_video_sequence,2,1,1,0,train,1,planned_high_confidence_group_remediation
d7,d7_r4_sequence_0064,suspected_video_sequence,2,1,1,0,val,1,planned_high_confidence_group_remediation
d7,d7_r4_sequence_0065,suspected_video_sequence,2,1,1,0,val,1,planned_high_confidence_group_remediation
