source,split,class,class_id,before_bbox_count,after_bbox_count,delta_bbox_count
d6,test,excavator,0,183,181,-2
d6,test,dump_truck,1,243,233,-10
d6,test,truck,2,0,0,0
d6,test,loader,3,73,74,1
d6,test,bulldozer,4,129,132,3
d6,test,motor_grader,5,111,109,-2
d6,test,roller,6,104,103,-1
d6,test,concrete_mixer,7,57,59,2
d6,test,telehandler,8,0,0,0
d6,test,piling_machine,9,0,0,0
d6,test,crane_manipulator,10,0,0,0
d6,test,mobile_crane,11,93,92,-1
d6,test,tower_crane,12,0,0,0
d6,train,excavator,0,1325,1319,-6
d6,train,dump_truck,1,1586,1574,-12
d6,train,truck,2,0,0,0
d6,train,loader,3,441,439,-2
d6,train,bulldozer,4,952,951,-1
d6,train,motor_grader,5,794,796,2
d6,train,roller,6,802,801,-1
d6,train,concrete_mixer,7,608,608,0
d6,train,telehandler,8,0,0,0
d6,train,piling_machine,9,0,0,0
d6,train,crane_manipulator,10,0,0,0
d6,train,mobile_crane,11,508,510,2
d6,train,tower_crane,12,0,0,0
d6,val,excavator,0,366,374,8
d6,val,dump_truck,1,424,446,22
d6,val,truck,2,0,0,0
d6,val,loader,3,125,126,1
d6,val,bulldozer,4,263,261,-2
d6,val,motor_grader,5,242,242,0
d6,val,roller,6,226,228,2
d6,val,concrete_mixer,7,126,124,-2
d6,val,telehandler,8,0,0,0
d6,val,piling_machine,9,0,0,0
d6,val,crane_manipulator,10,0,0,0
d6,val,mobile_crane,11,164,163,-1
d6,val,tower_crane,12,0,0,0
d7,test,excavator,0,251,252,1
d7,test,dump_truck,1,0,0,0
d7,test,truck,2,91,85,-6
d7,test,loader,3,11,10,-1
d7,test,bulldozer,4,28,27,-1
d7,test,motor_grader,5,0,0,0
d7,test,roller,6,11,12,1
d7,test,concrete_mixer,7,24,26,2
d7,test,telehandler,8,0,0,0
d7,test,piling_machine,9,29,36,7
d7,test,crane_manipulator,10,0,0,0
d7,test,mobile_crane,11,0,0,0
d7,test,tower_crane,12,170,162,-8
d7,train,excavator,0,1493,1479,-14
d7,train,dump_truck,1,0,0,0
d7,train,truck,2,504,501,-3
d7,train,loader,3,113,114,1
d7,train,bulldozer,4,121,121,0
d7,train,motor_grader,5,0,0,0
d7,train,roller,6,122,121,-1
d7,train,concrete_mixer,7,163,166,3
d7,train,telehandler,8,0,0,0
d7,train,piling_machine,9,135,131,-4
d7,train,crane_manipulator,10,0,0,0
d7,train,mobile_crane,11,0,0,0
d7,train,tower_crane,12,1100,1117,17
d7,val,excavator,0,399,412,13
d7,val,dump_truck,1,0,0,0
d7,val,truck,2,137,146,9
d7,val,loader,3,29,29,0
d7,val,bulldozer,4,31,32,1
d7,val,motor_grader,5,0,0,0
d7,val,roller,6,36,36,0
d7,val,concrete_mixer,7,54,49,-5
d7,val,telehandler,8,0,0,0
d7,val,piling_machine,9,36,33,-3
d7,val,crane_manipulator,10,0,0,0
d7,val,mobile_crane,11,0,0,0
d7,val,tower_crane,12,346,337,-9
