epoch,step,train/cardinality_error,train/cardinality_error_0,train/cardinality_error_1,train/cardinality_error_2,train/cardinality_error_enc,train/class_error,train/loss,train/loss_bbox,train/loss_bbox_aux,train/loss_ce,train/loss_ce_aux,train/loss_giou,train/loss_giou_aux,train/lr,train/lr_max,train/lr_min,val/F1,val/ema_mAP_50,val/ema_mAP_50_95,val/ema_mAP_75,val/ema_mAR,val/mAP_50,val/mAP_50_95,val/mAP_75,val/mAR,val/precision,val/recall
0,49,,,,,,,,,,,,,,4.999999873689376e-05,4.999999873689376e-05,1.616282133909408e-06,,,,,,,,,,,
0,99,,,,,,,,,,,,,,4.999999873689376e-05,4.999999873689376e-05,1.616282133909408e-06,,,,,,,,,,,
0,149,,,,,,,,,,,,,,4.999999873689376e-05,4.999999873689376e-05,1.616282133909408e-06,,,,,,,,,,,
0,199,,,,,,,,,,,,,,4.999999873689376e-05,4.999999873689376e-05,1.616282133909408e-06,,,,,,,,,,,
0,249,,,,,,,,,,,,,,4.999999873689376e-05,4.999999873689376e-05,1.616282133909408e-06,,,,,,,,,,,
0,299,,,,,,,,,,,,,,4.999999873689376e-05,4.999999873689376e-05,1.616282133909408e-06,,,,,,,,,,,
0,349,,,,,,,,,,,,,,4.999999873689376e-05,4.999999873689376e-05,1.616282133909408e-06,,,,,,,,,,,
0,399,,,,,,,,,,,,,,4.999999873689376e-05,4.999999873689376e-05,1.616282133909408e-06,,,,,,,,,,,
0,449,,,,,,,,,,,,,,4.999999873689376e-05,4.999999873689376e-05,1.616282133909408e-06,,,,,,,,,,,
0,499,,,,,,,,,,,,,,4.999999873689376e-05,4.999999873689376e-05,1.616282133909408e-06,,,,,,,,,,,
0,549,,,,,,,,,,,,,,4.999999873689376e-05,4.999999873689376e-05,1.616282133909408e-06,,,,,,,,,,,
0,599,,,,,,,,,,,,,,4.999999873689376e-05,4.999999873689376e-05,1.616282133909408e-06,,,,,,,,,,,
0,649,,,,,,,,,,,,,,4.999999873689376e-05,4.999999873689376e-05,1.616282133909408e-06,,,,,,,,,,,
0,699,,,,,,,,,,,,,,4.999999873689376e-05,4.999999873689376e-05,1.616282133909408e-06,,,,,,,,,,,
0,749,,,,,,,,,,,,,,4.999999873689376e-05,4.999999873689376e-05,1.616282133909408e-06,,,,,,,,,,,
0,799,,,,,,,,,,,,,,4.999999873689376e-05,4.999999873689376e-05,1.616282133909408e-06,,,,,,,,,,,
0,849,,,,,,,,,,,,,,4.999999873689376e-05,4.999999873689376e-05,1.616282133909408e-06,,,,,,,,,,,
0,899,,,,,,,,,,,,,,4.999999873689376e-05,4.999999873689376e-05,1.616282133909408e-06,,,,,,,,,,,
0,949,,,,,,,,,,,,,,4.999999873689376e-05,4.999999873689376e-05,1.616282133909408e-06,,,,,,,,,,,
0,999,,,,,,,,,,,,,,4.999999873689376e-05,4.999999873689376e-05,1.616282133909408e-06,,,,,,,,,,,
0,1049,,,,,,,,,,,,,,4.999999873689376e-05,4.999999873689376e-05,1.616282133909408e-06,,,,,,,,,,,
0,1077,,,,,,,,,,,,,,,,,0.7797319889068604,0.836000919342041,0.6873309016227722,0.7717357873916626,0.8488506078720093,0.836000919342041,0.6873309016227722,0.7717357873916626,0.8488506078720093,0.8596558570861816,0.7539148926734924
0,1077,17.734024047851562,17.211605072021484,17.60456657409668,17.6708927154541,17.325088500976562,1.7065244913101196,3.6856043338775635,0.026688653975725174,0.12747588753700256,0.3470751643180847,1.5591790676116943,0.0920841321349144,0.41218268871307373,,,,,,,,,,,,,,
1,1099,,,,,,,,,,,,,,4.999999873689376e-05,4.999999873689376e-05,1.616282133909408e-06,,,,,,,,,,,
1,1149,,,,,,,,,,,,,,4.999999873689376e-05,4.999999873689376e-05,1.616282133909408e-06,,,,,,,,,,,
1,1199,,,,,,,,,,,,,,4.999999873689376e-05,4.999999873689376e-05,1.616282133909408e-06,,,,,,,,,,,
1,1249,,,,,,,,,,,,,,4.999999873689376e-05,4.999999873689376e-05,1.616282133909408e-06,,,,,,,,,,,
1,1299,,,,,,,,,,,,,,4.999999873689376e-05,4.999999873689376e-05,1.616282133909408e-06,,,,,,,,,,,
1,1349,,,,,,,,,,,,,,4.999999873689376e-05,4.999999873689376e-05,1.616282133909408e-06,,,,,,,,,,,
1,1399,,,,,,,,,,,,,,4.999999873689376e-05,4.999999873689376e-05,1.616282133909408e-06,,,,,,,,,,,
1,1449,,,,,,,,,,,,,,4.999999873689376e-05,4.999999873689376e-05,1.616282133909408e-06,,,,,,,,,,,
1,1499,,,,,,,,,,,,,,4.999999873689376e-05,4.999999873689376e-05,1.616282133909408e-06,,,,,,,,,,,
1,1549,,,,,,,,,,,,,,4.999999873689376e-05,4.999999873689376e-05,1.616282133909408e-06,,,,,,,,,,,
1,1599,,,,,,,,,,,,,,4.999999873689376e-05,4.999999873689376e-05,1.616282133909408e-06,,,,,,,,,,,
1,1649,,,,,,,,,,,,,,4.999999873689376e-05,4.999999873689376e-05,1.616282133909408e-06,,,,,,,,,,,
1,1699,,,,,,,,,,,,,,4.999999873689376e-05,4.999999873689376e-05,1.616282133909408e-06,,,,,,,,,,,
1,1749,,,,,,,,,,,,,,4.999999873689376e-05,4.999999873689376e-05,1.616282133909408e-06,,,,,,,,,,,
1,1799,,,,,,,,,,,,,,4.999999873689376e-05,4.999999873689376e-05,1.616282133909408e-06,,,,,,,,,,,
1,1849,,,,,,,,,,,,,,4.999999873689376e-05,4.999999873689376e-05,1.616282133909408e-06,,,,,,,,,,,
1,1899,,,,,,,,,,,,,,4.999999873689376e-05,4.999999873689376e-05,1.616282133909408e-06,,,,,,,,,,,
1,1949,,,,,,,,,,,,,,4.999999873689376e-05,4.999999873689376e-05,1.616282133909408e-06,,,,,,,,,,,
1,1999,,,,,,,,,,,,,,4.999999873689376e-05,4.999999873689376e-05,1.616282133909408e-06,,,,,,,,,,,
1,2049,,,,,,,,,,,,,,4.999999873689376e-05,4.999999873689376e-05,1.616282133909408e-06,,,,,,,,,,,
1,2099,,,,,,,,,,,,,,4.999999873689376e-05,4.999999873689376e-05,1.616282133909408e-06,,,,,,,,,,,
1,2149,,,,,,,,,,,,,,4.999999873689376e-05,4.999999873689376e-05,1.616282133909408e-06,,,,,,,,,,,
1,2155,,,,,,,,,,,,,,,,,0.8012062907218933,0.8504577279090881,0.6983882784843445,0.7803717255592346,0.8487040996551514,0.8504577279090881,0.6983882784843445,0.7803717255592346,0.8487040996551514,0.8859775066375732,0.763756513595581
1,2155,17.93671417236328,17.457225799560547,17.83359146118164,17.90460777282715,17.66759490966797,1.6292325258255005,3.5818560123443604,0.02605036459863186,0.12391465157270432,0.33955028653144836,1.511269211769104,0.08996888250112534,0.4006407856941223,,,,,,,,,,,,,,
2,2199,,,,,,,,,,,,,,4.999999873689376e-05,4.999999873689376e-05,1.616282133909408e-06,,,,,,,,,,,
2,2249,,,,,,,,,,,,,,4.999999873689376e-05,4.999999873689376e-05,1.616282133909408e-06,,,,,,,,,,,
2,2299,,,,,,,,,,,,,,4.999999873689376e-05,4.999999873689376e-05,1.616282133909408e-06,,,,,,,,,,,
2,2349,,,,,,,,,,,,,,4.999999873689376e-05,4.999999873689376e-05,1.616282133909408e-06,,,,,,,,,,,
2,2399,,,,,,,,,,,,,,4.999999873689376e-05,4.999999873689376e-05,1.616282133909408e-06,,,,,,,,,,,
2,2449,,,,,,,,,,,,,,4.999999873689376e-05,4.999999873689376e-05,1.616282133909408e-06,,,,,,,,,,,
2,2499,,,,,,,,,,,,,,4.999999873689376e-05,4.999999873689376e-05,1.616282133909408e-06,,,,,,,,,,,
2,2549,,,,,,,,,,,,,,4.999999873689376e-05,4.999999873689376e-05,1.616282133909408e-06,,,,,,,,,,,
2,2599,,,,,,,,,,,,,,4.999999873689376e-05,4.999999873689376e-05,1.616282133909408e-06,,,,,,,,,,,
2,2649,,,,,,,,,,,,,,4.999999873689376e-05,4.999999873689376e-05,1.616282133909408e-06,,,,,,,,,,,
2,2699,,,,,,,,,,,,,,4.999999873689376e-05,4.999999873689376e-05,1.616282133909408e-06,,,,,,,,,,,
2,2749,,,,,,,,,,,,,,4.999999873689376e-05,4.999999873689376e-05,1.616282133909408e-06,,,,,,,,,,,
2,2799,,,,,,,,,,,,,,4.999999873689376e-05,4.999999873689376e-05,1.616282133909408e-06,,,,,,,,,,,
2,2849,,,,,,,,,,,,,,4.999999873689376e-05,4.999999873689376e-05,1.616282133909408e-06,,,,,,,,,,,
2,2899,,,,,,,,,,,,,,4.999999873689376e-05,4.999999873689376e-05,1.616282133909408e-06,,,,,,,,,,,
2,2949,,,,,,,,,,,,,,4.999999873689376e-05,4.999999873689376e-05,1.616282133909408e-06,,,,,,,,,,,
2,2999,,,,,,,,,,,,,,4.999999873689376e-05,4.999999873689376e-05,1.616282133909408e-06,,,,,,,,,,,
2,3049,,,,,,,,,,,,,,4.999999873689376e-05,4.999999873689376e-05,1.616282133909408e-06,,,,,,,,,,,
2,3099,,,,,,,,,,,,,,4.999999873689376e-05,4.999999873689376e-05,1.616282133909408e-06,,,,,,,,,,,
2,3149,,,,,,,,,,,,,,4.999999873689376e-05,4.999999873689376e-05,1.616282133909408e-06,,,,,,,,,,,
2,3199,,,,,,,,,,,,,,4.999999873689376e-05,4.999999873689376e-05,1.616282133909408e-06,,,,,,,,,,,
2,3233,,,,,,,,,,,,,,,,,0.7861737608909607,0.8319151401519775,0.6867902278900146,0.7670379281044006,0.8490808606147766,0.8319151401519775,0.6867902278900146,0.7670379281044006,0.8490808606147766,0.8587039113044739,0.7686318755149841
2,3233,17.812101364135742,17.374303817749023,17.714439392089844,17.772933959960938,17.611162185668945,1.3729175329208374,3.5201644897460938,0.02595304511487484,0.12235268950462341,0.331009179353714,1.480397343635559,0.08905049413442612,0.39456668496131897,,,,,,,,,,,,,,
3,3249,,,,,,,,,,,,,,4.999999873689376e-05,4.999999873689376e-05,1.616282133909408e-06,,,,,,,,,,,
3,3299,,,,,,,,,,,,,,4.999999873689376e-05,4.999999873689376e-05,1.616282133909408e-06,,,,,,,,,,,
3,3349,,,,,,,,,,,,,,4.999999873689376e-05,4.999999873689376e-05,1.616282133909408e-06,,,,,,,,,,,
3,3399,,,,,,,,,,,,,,4.999999873689376e-05,4.999999873689376e-05,1.616282133909408e-06,,,,,,,,,,,
3,3449,,,,,,,,,,,,,,4.999999873689376e-05,4.999999873689376e-05,1.616282133909408e-06,,,,,,,,,,,
3,3499,,,,,,,,,,,,,,4.999999873689376e-05,4.999999873689376e-05,1.616282133909408e-06,,,,,,,,,,,
3,3549,,,,,,,,,,,,,,4.999999873689376e-05,4.999999873689376e-05,1.616282133909408e-06,,,,,,,,,,,
3,3599,,,,,,,,,,,,,,4.999999873689376e-05,4.999999873689376e-05,1.616282133909408e-06,,,,,,,,,,,
3,3649,,,,,,,,,,,,,,4.999999873689376e-05,4.999999873689376e-05,1.616282133909408e-06,,,,,,,,,,,
3,3699,,,,,,,,,,,,,,4.999999873689376e-05,4.999999873689376e-05,1.616282133909408e-06,,,,,,,,,,,
3,3749,,,,,,,,,,,,,,4.999999873689376e-05,4.999999873689376e-05,1.616282133909408e-06,,,,,,,,,,,
3,3799,,,,,,,,,,,,,,4.999999873689376e-05,4.999999873689376e-05,1.616282133909408e-06,,,,,,,,,,,
3,3849,,,,,,,,,,,,,,4.999999873689376e-05,4.999999873689376e-05,1.616282133909408e-06,,,,,,,,,,,
3,3899,,,,,,,,,,,,,,4.999999873689376e-05,4.999999873689376e-05,1.616282133909408e-06,,,,,,,,,,,
3,3949,,,,,,,,,,,,,,4.999999873689376e-05,4.999999873689376e-05,1.616282133909408e-06,,,,,,,,,,,
3,3999,,,,,,,,,,,,,,4.999999873689376e-05,4.999999873689376e-05,1.616282133909408e-06,,,,,,,,,,,
3,4049,,,,,,,,,,,,,,4.999999873689376e-05,4.999999873689376e-05,1.616282133909408e-06,,,,,,,,,,,
3,4099,,,,,,,,,,,,,,4.999999873689376e-05,4.999999873689376e-05,1.616282133909408e-06,,,,,,,,,,,
3,4149,,,,,,,,,,,,,,4.999999873689376e-05,4.999999873689376e-05,1.616282133909408e-06,,,,,,,,,,,
3,4199,,,,,,,,,,,,,,4.999999873689376e-05,4.999999873689376e-05,1.616282133909408e-06,,,,,,,,,,,
3,4249,,,,,,,,,,,,,,4.999999873689376e-05,4.999999873689376e-05,1.616282133909408e-06,,,,,,,,,,,
3,4299,,,,,,,,,,,,,,4.999999873689376e-05,4.999999873689376e-05,1.616282133909408e-06,,,,,,,,,,,
3,4311,,,,,,,,,,,,,,,,,0.7924439311027527,0.8378753066062927,0.6912735104560852,0.7706400156021118,0.8468629121780396,0.8378753066062927,0.6912735104560852,0.7706400156021118,0.8468629121780396,0.8900505900382996,0.7607133388519287
3,4311,17.964492797851562,17.583900451660156,17.90728759765625,17.937795639038086,17.827768325805664,1.3497215509414673,3.4532201290130615,0.025226887315511703,0.1191851794719696,0.32673242688179016,1.4533635377883911,0.08741272985935211,0.38811996579170227,,,,,,,,,,,,,,
